Reference,Prediction
tʰi˩˥|le˧qæ˧˥|mv̩˩mɤ˩tʰɑ˥dʑo˩|tʰi˩˥|hĩ˧ɳɯ˩|le˧wo˧˥|ə˧mv̩˧ki˥|,t[UNK]i˩˥ le˧qæ˧˥ mv[UNK]˩ mɤ˧t[UNK]ɑ˥ dʑo˩ t[UNK]i˩˥ hi[UNK]˧ɳɯ˩ le˧wo˧ ə˧mv[UNK]˧ki˥
hæ˧ni˩|tʰi˧ʑi˧mɤ˥kv̩˩mæ˩|tʰi˧dzi˩kʰɯ˩|,hæ˧ni˩ t[UNK]i˧ʑi˧mɤ˥kv[UNK]˩mæ˩ t[UNK]i˧dzi˩k[UNK]ɯ˩
njo˩kæ˧tɕi˩ɲi˥|pi˧hĩ˧|ʈʰææ̃˧|kʰɯ˧tsʰɤ˧po˥ɳɯ˩|tsɑ˧di˧ɲi˥ɖwæ˧˥|tʰi˧di˩kv̩˩|,ɲiɤ˩kæ˧˥ tɕɤ˧ɲi˥pi˩hi[UNK]˩ ʈʂ[UNK]ææ[UNK]˧ k[UNK]ɯ˧tsɤ˧po˥ɳɯ˩ tsɑ˧di˧ɲi˥ ɖwæ˧˥ t[UNK]i˧di˩kv[UNK]˩
njæ˧sɯ˩kv̩˩dʑo˩|ə˧v̩˧ɲi˥ze˩mæ˩|tʰi˩˥|kɤ˧zo˧mv̩˥ʈʂæ˩kv̩˩mæ˩|kɤ˧zo˧tsʰɯ˩ɻ̍˩|pi˧zo˩|kɤ˧zo˧mv̩˥ʈʂæ˩kv̩˩mæ˩|,njæ˧sɯ˩kv[UNK]˩dʑo˩ ə˧v[UNK]˧ɲi˥ze˩mæ˩ t[UNK]i˩˥ kɤ˧zo˧mv[UNK]˥ʈʂæ˩kv[UNK]˩mæ˩ kɤ˧zo˧ts[UNK]ɯ˩ pi˧zo˩ kɤ˧zo˧mv[UNK]˥ʈʂæ˩kv[UNK]˩mæ˩
kʰi˧|tʰi˧dzɤ˩|mv̩˩˥|dʑo˩|tʰi˩˥|le˧ɖwæ˩zo˩|zəəə…no˧,k[UNK]i˧ t[UNK]i˧dzi˩ mv[UNK]˩˥ dʑo˩ t[UNK]i˩˥ le˧ɖæ˩zo˩ vz[UNK]no˧
tɕʰɤ˧ɲi˧ne˧ʝi˥|ʐo˩˥|le˧po˧˥|hõ˧|pi˧dʑo˩|zo˧bæ˩|ɖɯ˧v̩˧ɳɯ˧|mɤ˧ɲi˧|pi˧tsɯ˩mv̩˩|ɑ˩ʁo˧|,tɕ[UNK]ɤ˧ɲi˧ne˧ʝi˩ ʐo˩˥ le˧po˧˥ ho[UNK]˧ pi˧dʑo˩ zo˧bæ˩ ɖɯ˧v[UNK]˧ɳɯ˧ mɤ˧ɲi˧pi˧tsɯ˩ mv[UNK]˩ ɑ˩ʁo˧
sɑ˧|mv̩˧di˩dʑo˩ho˩ze˩pi˩|tʰi˩˥|sɑ˧pʰo˩|mmm…wo˩pʰo˩˥|,sɑ˧ mv[UNK]˧di˩dʑo˩ho˩ze˩ pi˧ t[UNK]i˩˥ sɑ˧p[UNK]o˩ mm[UNK]ʁwo˩p[UNK]o˧˥
tʰi˩˥|ə˧si˧le˧mo˩hĩ˩tʰv̩˩v̩˩|ʈʰææ̃˧|dʑo˩tʰi˩˥|mmm…zo˩no˥|mmm…hĩ˧|no˧ɻ̍˩|qʰɑ˧ʈʂʰæ˧gv̩˧hĩ˧dʑo˧˥|kwɤ˩tɕɯ˩lɑ˩|tʰi˩˥|ʈʂʰɯ˧v̩˧dʑo˩|wɤ˩˥|ki˧kv̩˥mæ˩|,t[UNK]i˩˥ ə˧si˧le˥mo˩hi[UNK]˩ t[UNK]v[UNK]˧v[UNK]˧ ʈ[UNK]ɯ˧ɻæ˩dʑo˩ t[UNK]i˩˥ mm[UNK]zo˩no˥ hi[UNK]˧no˧ɻ[UNK]˩ q[UNK]ɑ˧ʈʂ[UNK]æ˧gv[UNK]˧hi[UNK]˧dʑo˧˥ kwɤ˩tɕɯ˩lɑ˩ t[UNK]i˩˥ ʈʂ[UNK]ɯ˧v[UNK]˧dʑo˩ wɤ˩˥ ki˧kv[UNK]˥mæ˩
ʁwɤ˧qo˧|ʐv̩˧tsʰi˩ʑi˩dʑo˩bi˩bi˩|zo˩no˥|əəə…ʐv̩˧tsʰi˩ʑi˩|le˧ʈʂv̩˩se˩dʑo˩|wɤ˩˥|ɑ˩pʰo˩˥|gæ˧ɻæ˩|əəə…lɑ˧ŋwɤ˧|qʰæ˧tɕʰi˧|tʰv̩˧ə˧zɯ˩|qʰwɤ˩ɖɯ˩dʑo˩˥|pi˧|,ʁwɤ˧qo˧ ʐv[UNK]˧ts[UNK]i˩ʑi˩dʑo˩bi˩bi˩ zo˩no˥ əə[UNK] ʐv[UNK]˧ts[UNK]i˩ʑi˩ le˧ʈʂv[UNK]˩se˩dʑo˩ wɤ˩˥ ɑ˩p[UNK]o˩˥ gæ˧ɻæ˩ lɑ˧ŋwɤ˧ q[UNK]æ˧tɕ[UNK]i˧ t[UNK]v[UNK]˧ ə˧zɯ˩ q[UNK]wɤ˩ɖɯ˩dʑo˩˥ pi˧
wɤ˩˥|le˧lɑ˧˥|wɤ˩˥|ɑ˩ʁo˧|tʰi˧tɕɯ˥|wɤ˩˥|ʝi˧lv̩˧˥|ʈʂʰɯ˧lɑ˩ɲi˩wɤ˩|,wɤ˩˥ le˧lɑ˧˥ wɤ˩˥ ɑ˩ʁo˧ t[UNK]i˧tɕɯ˥ wɤ˩˥ ʝi˩lv[UNK]˧ ʈʂ[UNK]ɯ˧lɑ˩ɲi˩wɤ˩
mmm…ʁo˧qʰwɤ˩|le˧pv̩˩kʰɯ˩|,mm[UNK]ʁo˥q[UNK]wɤ˩ le˧pv[UNK]˩k[UNK]ɯ˩
tʰi˩˥|njæ˧sɯ˩kv̩˩|hĩ˧|ɲi˧tsi˧kv̩˧ɲi˥|ə˩gi˩|lɑ˧tʰɑ˧mi˧ɻ̍˧pi˥|,t[UNK]i˩˥ njæ˧sɯ˩kv[UNK]˩ hi[UNK]˧ ɲi˧tsi˧kv[UNK]˧ɲi˥ə˩gi˩˥ lɑ˧t[UNK]ɑ˧mi˧ɻ[UNK]˧pi˥
tʰv̩˧v̩˧ʂɯ˧se˥kwɤ˩tɕɯ˩lɑ˩|kʰv̩˧ʈʂʰɯ˧|ɲi˧kʰv̩˧so˧kʰv̩˥|le˧ʂɯ˧ze˧le˧ʂe˧mɤ˧ɖɯ˧|ɲi˧kʰv̩˧so˧kʰv̩˥|le˧ʂɯ˧ze˧le˧ʂe˧mɤ˧ɖɯ˧|ʈʂʰɯ˧|tsʰe˩kʰv̩˩hĩ˥|ɖɯ˧v̩˧ɳɯ˧ʈʂʰɯ˧|ʈʂʰɯ˧lɑ˩|ɑ˩ʁo˧|tʰi˧pʰæ˧dʑo˥|hɑ˧|tʰi˧ki˧dʑo˩|gɯ˩ʝi˥|tsʰe˩kʰv̩˩ze˩gv̩˩ɳɯ˥|ʂɯ˧|,ʈʂ[UNK]ɯ˧v[UNK]˧ ʂɯ˧se˥kwɤ˩tɕɯ˩lɑ˩ k[UNK]v[UNK]˧ʈʂ[UNK]ɯ˧ ɲi˧k[UNK]v[UNK]˧so˧k[UNK]wɤ˥ le˧ʂɯ˧ze˧ ɲi˧k[UNK]v[UNK]˧ so˧k[UNK]v[UNK]˥ le˧ʂɯ˧ze˧ ʈʂ[UNK]ɯ˧ ts[UNK]e˩k[UNK]v[UNK]˩hi[UNK]˥ ɖɯ˧v[UNK]˧ɳɯ˧ ʈʂ[UNK]ɯ˧ ʈʂ[UNK]ɯ˧lɑ˩ ɑ˩ʁo˧t[UNK]i˧p[UNK]æ˧dʑo˥ hɑ˧ t[UNK]i˧ki˧ dʑo˩ kɯ˩ʝ˥ ts[UNK]e˩k[UNK]v[UNK]˩ze˩gv[UNK]˩ ɯ˥ʂɯ˩
ə˧mi˧|dzɑ˧hĩ˧ki˧|ə˧sɯ˩kv̩˩|tɑ˧ho˧bi˧ze˧|pi˧|dʑɤ˩hĩ˧ki˧|tɑ˧ho˧bi˧ze˧|pi˧|,ə˧mi˧ dzɑ˧hi[UNK]˧ki˧ ə˧sɯ˩kv[UNK]˩ tɑ˧ho˧bi˩ze˩ pi˧ dʑɤ˩hi[UNK]˧ki˥ tɑ˧hwɤ˧bi˧ze˧ pi˧
qwæ˩ʈʂæ˩qo˥|sɑ˧|tʰi˧ʈʰæ˧˥|ʈʂʰɖɯ˧kʰwɤ˥ɖɯ˩kʰwɤ˩|le˧kʰi˥|ʈʂʰɯ˧ne˧ʝi˥|le˧ɲi˩|,qwæ˩ɖʐæ˩qɑ˥sɑ˩ t[UNK]i˧ʈ[UNK]æ˧˥ ʈʂɯɖɯ˧ʈʂɯ˧ k[UNK]wɤ˥ɖɯ˩k[UNK]wɤ˩ le˧k[UNK]i˧˥ ʈʂ[UNK]ɯ˧ne˧ʝi˥ le˧ɲi˩
njæ˧ɻæ˩dʑo˩|kʰv̩˩mi˩pi˥hĩ˩dʑo˩|ɑ˩ʁo˥|ʈʰææ̃˧|kʰv̩˧ʂe˧|le˧ʁhĩ˧ɻæ˥|ʝi˧kʰv̩˥|ɑ˩ʁo˥|kʰv̩˧ʂe˧tɕɤ˧kʰɯ˥|mɤ˧kv̩˧˥|,njæ˧ɻæ˩dʑo˩ k[UNK]v[UNK]˩mi˩pi˥ɻ[UNK]˩dʑo˩ ɑ˩ʁo˧ ʈ[UNK]ææ[UNK]˧ k[UNK]v[UNK]˧ɯ˧ɲi le˧ʁohi[UNK]˧ɻæ˥ ʝi˧k[UNK]v[UNK]˥ ɑ˩ʁo˧ k[UNK]v[UNK]˧ʂe˧ tɕɤ˩k[UNK]ɯ˥ mɤ˧kv[UNK]˧˥
ʈʂʰɯ˧ne˧ʝi˥|ɖɯ˧hɑ̃˧˥|ɖɯ˧hɑ̃˧˥|ɖɯ˧hɑ̃˧ɳɯ˥|tʰi˩˥|bi˧lo˧gv̩˩|so˩hɑ̃˩hɑ̃˥kv̩˩tsɯ˩|mv̩˩,ʈʂ[UNK]ɯ˧ne˧ʝi˥ ɖɯ˧hɑ˧ ɖɯ˧hɑ[UNK]˧ ɖɯ˧hɑ[UNK]˧ɳɯ˧ t[UNK]i˩˥ bi˧ lo˧gv[UNK]˩ so˩hɑ[UNK]˩hɑ[UNK]˥kv[UNK]˩tsɯ˩ mv[UNK]˩
ə˧tso˧ɲi˩kv̩˩hɤ˩|pi˧zo˩|,ə˧tso˧ʝi˧ɲi˩kv[UNK]˩hɯ˩ pi˧zo˩
zo˩no˧ne˩ʝi˩zo˩|ə˧tso˧ə˧tso˥|ɖɯ˧qʰwɤ˧ɖɯ˥qʰwɤ˩|pi˧zo˩|ɖɯ˧ʈʂo˩ɖɯ˩ʈʂo˩|dʑo˧mɤ˧kv̩˧˥|,zo˩no˧ni˩ do˧ ə˧tso˧ə˧tso˥ɖɯ˧q[UNK]wɤ˩ ɖɯ˧q[UNK]wɤ˩ pi˥zo˩ ɖɯ˧ʈʂo˩ ɖɯ˧ʈʂe˩ dʑo˩mɤ˩kv[UNK]˩
le˧dzɯ˥zo˩|tʰi˩˥|ʈʂʰɯ˧ne˧ʝi˥|le˧ʈʰæ˧˥|dʑo˩|mɤ˩ʈʂʰɯ˥|tʰi˧di˩|le˧tsʰɯ˩tsɯ˩mv̩˩|,le˧dzɯ˧zo˥ t[UNK]i˩˥ ʈʂ[UNK]ɯ˧ne˧ʝi˥ le˧ʈ[UNK]æ˧˥ dʑo˩ mɤo˩ʈʂ[UNK]ɯ˥ t[UNK]i˧di˩le˩sɯ˩tsɯ˩ mv[UNK]˩
tʰi˩˥|dɑ˧pɤ˧|ʈʂʰɯ˧v̩˧ɳɯ˩|ɖɯ˧ʑi˩ɖɯ˩ʑi˩|mv̩˧ɻwæ˧kv̩˩ze˩|,t[UNK]i˩˥ dɑ˧pɤ˧ ʈʂ[UNK]ɯ˧v[UNK]˧ɳɯ˩ ɖɯ˧ʑi˩ɖɯ˩ʑi˩ mv[UNK]˧ɻæ˩kv[UNK]˩ze˩mæ˩
tʰi˩˥|ə˧ʑi˧˥|ʁɑ˩mi˧|njɤ˧|tso˩bi˩zo˩ʝi˩˥|ʁɑ˩mi˧|tʰi˩˥|qʰɑ˩ne˩˥|tso˩bi˩˥|pi˧tsɯ˩|mv̩˩|,t[UNK]i˩˥ ə˧ʑi˧ɻ˥ ʁɑ˩mi˧ njɤ˧ tso˩bi˩zo˩ʝi˥ ʁɑ˩mi˧ t[UNK]i˩˥ q[UNK]ɑ˩ne˩˥ tso˧bi˩ pi˧tsɯ˩ mv[UNK]˩
ə˧dɑ˧|no˧|qʰɑ˩ne˩ʝi˥tso˩ɲi˩|ʈʂʰɯ˧ne˧ʝi˥se˩|hɑ˧ʐwɤ˩zo˩,ə˧dɑ˥ɳɯ˩ q[UNK]ɑ˩ne˩ʝi˥tso˩ɲi˩ ʈʂ[UNK]ɯ˧ne˧ʝi˥se˩ hɑ˧ʐwɤ˩zo˩
ʈʂʰɯ˧ɲi˥kv̩˩qo˩|kʰɯ˧le˧po˧tsʰɯ˧˥|mv̩˩zɯ˩˥|tʰi˧lɑ˧˥|dʑo˩|zo˩no˥|zo˩no˥|njæ˧sɯ˩kv̩˩|ə˧ʝi˧ʂɯ˥ʝi˩|zo˩no˥|hĩ˧ɻæ˥|ʈæ˧bɤ˧ʁɑ˧ʂe˩|ə˩gi˩|,ʈʂ[UNK]ɯ˧ɲi˥kv[UNK]˩qo˩k[UNK]ɯ˩le˧po˧ts[UNK]ɯ˧˥ mv[UNK]˩zɯ˩˥ t[UNK]i˧lɑ˧˥ dʑo˩ zo˩no˥ zo˩no˥ njæ˧sɯ˩kv[UNK]˩ ə˧ʝi˧ʂɯ˥ʝi˩ zo˩no˥ hi[UNK]˧ɻæ˥ ʈæ˧bɤ˧ʁɑ˧ʂe˩ ə˩gi˩
ʂe˧ʐe˧|ɖɯ˧ʐe˥|ʂe˧sɑ˩|ɖɯ˧sɑ˧˥|əʐɯ˧ɖɯ˧kɤ˩|əəə…pɤ˩jɤ˧ɖɯ˧qo˧ho˩|dze˧|pɤ˩jɤ˧|ʈʂwæ˧ʈʂwæ˧|ɖɯ˧qo˧ho˩|tʰi˩˥|le˧pɤ˥pɤ˩|,ʂe˧ʐe˧ ɖɯ˧ʐe˥ ʂe˧sɑ˩ ɖɯ˧sɑ˥ ʐɯ˧ɖɯ˧kɤ˩ əə[UNK]pɤ˩jɤ˧ ɖɯ˧qo˩ho˩ dze˧ pɤ˩jɤ˩˥ ʈʂwæ˧ʈʂwæ˧˥ ɖɯ˧qo˩ho˩ t[UNK]i˩˥ le˧pɤ˥pɤ˩
ə˧ʝi˧ʂɯ˥ʝi˩|le˧go˩|le˧go˩|le˧go˩|le˧go˩dʑo˩|tsʰi˧ɲi˧|le˧go˩|ʈʂʰæ˧ɣɯ˧mɤ˧dʑo˧|hu˧mi˧ʈʂʰæ˧ɣɯ˧mɤ˧dʑo˧|ə˩gi˩|,ə˧ʝi˧ʂɯ˥ʝi˩ le˧go˩ le˧go˩ le˧go˩ le˧go˩dʑo˩ tɕ[UNK]ɯ˧ɲi˧ le˧go˩ ʈʂ[UNK]æ˧ɣɯ˧ mɤ˧dʑo˧ hu˧mi˧ʈʂ[UNK]æ˧ɣɯ˧ mɤ˧dʑo˧ ə˩gi˩
kv̩˧tʰv̩˧|õ˧bv̩˥õ˩le˩tv̩˩|ɖɯ˧ʑi˩ɳɯ˩|kv̩˧|ɲi˧ɭɯ˧so˩ɭɯ˩po˩|ɖɯ˧v̩˧tʰi˧tɕɤ˧˥|,kv[UNK]˧tɕ[UNK]o˧ o[UNK]˧bv[UNK]˥o[UNK]˩le˧tv[UNK]˧ ɖɯ˧ʑi˩ɳɯ˩kv[UNK]˧˥ ɲi˧ɭɯ˧so˩ɭɯ˩po˩ ɖɯ˧vwɤ˧ t[UNK]i˧tɕɤ˧˥
tʰi˧dʑo˧|tʰi˧wɤ˧|wɤ˧mɤ˧kv̩˩lɑ˩|tʰi˧ʂe˧|tʰi˧kʰɤ˧ɕjɤ˧ɻ˧ɲi˥jɤjɤ|,t[UNK]i˧dʑo˩ d[UNK]i˧wɤ˩ wɤ˧ mɤ˧kv[UNK]˩lɑ˩ t[UNK]i˧ʂe˧ t[UNK]i˧k[UNK]ɤ˩ɕjɤ˧ɻ˧ɲi˥jɤ
hĩ˧ʈʂʰɯ˧|qʰɑ˩jɤ˩dʑo˩ɲi˥tsɯ˩mv̩˩|tʰi˩˥|ʈʂʰɯ˧ne˧ʝi˥|ʈʂʰɯ˧dʑo˩|zo˩no˥|pʰe˧|ʈʂʰɯ˧ɻ̍˩se˩|mi˩zɯ˩dʑo˩˥|se˩|ɖwæ˩mɤ˧zo˧|ʂɯ˧ɬi˧mi˧mo˧ɖʐv̩˥ne˩|ɖʐv̩˧kv̩˧mæ˩|pi˧|,hi[UNK]˧ʈʂ[UNK]ɯ˧ q[UNK]ɑ˩jɤ˩dʑo˩ɲi˥tsɯ˩ mv[UNK]˩ t[UNK]i˩˥ ʈʂ[UNK]ɯ˧ne˧ʝi˥ ʈʂ[UNK]ɯ˧dʑo˩ zo˩no˥ p[UNK]e˧ ʈʂ[UNK]ɯ˧ɻ˩se˩ mi˩zɯ˩dʑo˩˥se˩ ɖwæ˧mɤ˧zo˧ ʂɯ˧ɬi˧mi˧mo˧ɖʐv[UNK]˥ni˩ ɖʐv[UNK]˧kv[UNK]˩mæ˩ pi˧
ə˧mi˧ɻæ˩|ɲi˧mi˧qʰæ˧ʂæ˧|pʰi˩dɑ˩˥|sɑ˧le˧ɲi˩|,ə˧mi˧ɻæ˩ ɲi˧mv[UNK]˧ q[UNK]ɑ˧ʂæ˧ p[UNK]i˩dɑ˧˥ sɑ˧ le˧ɲi˩
ə˧ʝi˧ʂɯ˥ʝi˩|ɬɑ˧sɑ˧hɯ˧dʑo˥|zo˧ʈʂʰɯ˧|le˧wo˥|le˧jo˩mɤ˩kv̩˩ze˩tsɯ˩|mv̩˩,ə˧ʝi˧ʂɯ˥ʝi˩ ɬɑ˧sɑ˧hɤ˧dʑo˥ zo˧ʈʂ[UNK]ɯ˥ le˧wo˥ le˧jo˩ mɤ˧kv[UNK]˩ze˩tsɯ˩ mv[UNK]˩
no˧mɤ˧dʑo˧|njɤ˧ki˧ki˩|njɤ˧mɤ˧dʑo˧|no˧ki˧ki˩|,no˧ mɤ˧dʑo˧ njɤ˧ki˧ki˩ njɤ˧mɤ˧dʑo˧ no˧ki˧ki˩
zo˩no˥|to˩mi˩˥|ɑ˩ʁo˧|to˩mi˩˥|ə˧mɑ˧ki˩|tʰi˧di˩mɤ˩di˩|ə˩gi˩|m|,zo˩no˥ to˩mi˩˥ ɑ˩ʁo˧ to˩mi˧ ə˧mɑ˧ki˩ t[UNK]i˧di˩ɻɤ˩di˩ ə˩gi˩ m[UNK]
wɤ˩˥|ʐɯ˧|ɖɯ˧ʈʰɤ˥tʰi˩kʰɯ˩|dɑ˧pɤ˧|tʰv̩˧v̩˧ɳɯ˩|le˧ʈʂʰo˥|le˧ʈʂʰo˥|,wɤ˩˥ ɖʐɯ˧ ɖɯ˧ʈ[UNK]ɤ˥t[UNK]i˩k[UNK]ɯ˩ dɑ˧pɤ˧ t[UNK]v[UNK]˧v[UNK]˧ɯ˩ le˧ʈʂ[UNK]o˧le˧ʈʂ[UNK]o˧
əəə…ə˧zɯ˩|tsʰi˧qʰæ˧˥dʑo˩|tɕʰi˧mɤ˧bi˧ze˧|le˧wo˥|le˧bi˩ze˩|pi˧zo˩|ə˧mi˧lɑ˧|mv̩˩lɑ˥|tʰi˩˥|di˩li˩ʁo˩bv̩˥ʈʂʰɯ˩|ɖɯ˧v̩˧ɖɯ˧kɖɯ˧v̩˧ɖɯ˧kʰɤ˧ɖʐɤ˥|le˧po˧tsʰɯ˧ɲi˥tsɯ˩|mv̩˩,əə[UNK]ə˧zɯ˩ ts[UNK]i˧q[UNK]æ˧˥ dʑo˩ tɕ[UNK]i˧mɤ˧bi˧ze˧ le˧wo˥ le˧bi˩ze˩ pi˧zo˩no˥ ə˧mi˧lɑ˩ mv[UNK]˩lɑ˥ t[UNK]i˩˥ di˩li˩ʁo˩bi˥ t[UNK]ɯ˩ ɖɯ˧v[UNK]˧ ɖɯ˧ɖɯ˧v[UNK]˧ɖɯ˧k[UNK]ɤ˧ɖʐɤ˥ le˧po˧ts[UNK]ɯ˧ɲi˥tsɯ˩ mv[UNK]˩
dʑɯ˩ʁo˩di˥hĩ˩|v̩˩tsʰɤ˧˥|jɤ˧˥|vwo˩˥|õ˧ʈʂʰɯ˧lɑ˩dʑo˩|tʰi˩˥|,dʑɯ˩ʁo˩di˥hi[UNK]˥ v[UNK]˧ts[UNK]ɤ˧˥ ʝi˩ɻwɤ˩˥ ə[UNK]wo˩˥ o[UNK]˧ʈʂ[UNK]ɯ˧lɑ˩dʑo˩ t[UNK]i˩˥
wo˩ɳɯ˥|ʈʂʰɯ˧ne˧ʝi˥|le˧ʝi˥kwɤ˩tɕɯ˩lɑ˩|tʰi˩˥|hɑ˧le˧dʑo˧|dʑi˧hṽ˧mv̩˩di˩|le˧dʑo˧|,wo˩ɳɯ˥ ʈʂ[UNK]ɯ˧ne˧ʝi˥ le˧ʝi˥kwɤ˩tɕɯ˩lɑ˩ t[UNK]i˩˥ hɑ˧ le˧dʑo˧ dʑi˧hv[UNK]˧mv[UNK]˩di˩ le˧dʑo˩
ə˧lɑ˧ʁwɤ˧|hĩ˧dzi˧kʰɯ˥dʑo˩|tʰi˩˥|zo˩no˥|ə˧lɑ˧tʰɑ˧mi˧ɻ̍˥|ə˧ʝi˧ʂɯ˥ʝi˩|hĩ˧mo˥hĩ˩dʑo˩|zo˧mv̩˥|mɤ˧dʑo˩ɲi˩tsɯ˩|mv̩˩|,ə˧lɑ˧ʁo˧ hi[UNK]˧dʑɯ˧k[UNK]ɯ˥dʑo˩ t[UNK]i˩˥ zo˩no˥ ə˧lɑ˧t[UNK]ɑ˧mi˧ɻ[UNK]˥ ə˧ʝi˧ʂɯ˥ʝi˩ hi[UNK]˧mo˥hi[UNK]˩dʑo˩ zo˧mv[UNK]˥ mɤ˧dʑo˩ɲi˩tsɯ˩ mv[UNK]˩
ɖʐe˧|dʑɤ˩˥|ɖɯ˧mɤ˧kv̩˧tsɯ˥|mv̩˩|,ɖʐe˧ tɕɤ˩˥ ɖɯ˧mɤ˧kv[UNK]˧tsɯ˥ mv[UNK]˩
hɑ˩ʂɯ˧|dzɯ˧ɲi˥mæ˩|,ʁæ˩ʂæ˧dzɯ˩ɲi˥mæ˩
dʑɯ˩nɑ˩mi˩ʁo˩ɳɯ˥|ɖɯ˧gɤ˧˥|ɖɯ˧gɤ˧˥|ɖɯ˧gɤ˧˥|ɖɯ˧gɤ˧ɳɯ˥|ɑ˩ʁo˧kʰi˥qʰv̩˩|no˩qo˥tʰv̩˩ɲi˩|qʰwɤ˧tsʰi˩|no˩qo˥kʰɯ˩ɲi˩wɤ˩|,dʑɯ˩nɑ˩mi˩ʁo˥ɳɯ˩ ɖɯ˧gɤ˧ ɖɯ˧gɤ˧ ɖɯ˧gɤ˧ ɖɯ˧gɤ˧ɳɯ˥ ɑ˩ʁo˧k[UNK]i˩ q[UNK]ɑ˩nɑ˩qo˩t[UNK]v[UNK]˩m[UNK]˩ qq[UNK]wɤ˧tɕɯ˩ no˩qo˥k[UNK]ɯ˩zo˩
tʰi˩˥|tsʰo˩mo˩˥|ɖɯ˧v̩˧tsʰɯ˩zo˩|pʰe˧|no˧|ɖwæ˩mɤ˧zo˧|mi˩zɯ˩˥|ɖɯ˧v̩˧dʑo˩ze˩dʑo˩|ʂɯ˧ɬi˧mi˧|mo˧ɖʐv̩˥ne˩|hĩ˧|dʑo˩kv̩˩ze˥|no˧|ɖwæ˩mɤ˧zo˧|ʂɯ˧ɬi˧mi˧|mo˧ɖʐv̩˥ne˩|dʑo˩ʝi˩˥|pi˧zo˩|æ˧ʂæ˧qʰwɤ˧ʈʂʰɯ˧|ʈʂʰɯ˧ne˧ʝi˥|tʰi˧pi˥|,t[UNK]i˩˥ ts[UNK]o˩mo˧˥ ɖɯ˧v[UNK]˧ts[UNK]ɯ˩zo˩ p[UNK]e no˧ ɖwæ˩mɤ˧zo˧ mi˩zɯ˩˥ ɖɯ˧v[UNK]˧dʑo˩ʑe˩dʑo˩ ʂɯ˧ɬi˧mɤ˧ mo˧ɖʐv[UNK]˥ne˩ hi[UNK]˧ dʑo˩kv[UNK]˩ze˥ no˧ ɖwæ˩mɤ˧zo˧ ʂɯ˧ɬi˧mi˧mo˧ɖʐv[UNK]˥ne˩ ɖʐv[UNK]˧ʝi˧ pi˧zo˩ æ˧ʂæ˧q[UNK]wɤ˧ʈʂ[UNK]ɯ˥ ʈʂ[UNK]ɯ˧ne˧ʝi˥ t[UNK]˧pi˧˥
tʰi˩˥|qwɤ˧lɯ˧ʁo˧|ə˧tse˥|ʂɻ̩˧ɲi˥|pi˧|,t[UNK]i˩˥ qwɤ˧ɭɯ˧ʁ ə˧tse˧˥ ʂɯ˧˥ ɲi˩ pi˧
wɤ˩˥|ə˧ʑi˧ki˥ti˩|ə˧pʰv̩˧ki˧ti˥|ə˧v̩˧ki˥ti˩|ə˧mi˧tɕi˩ki˩ti˩|ə˧mi˧ɖɯ˩ki˩ti˩|tʰv̩˧ne˧ʝi˥|tɑ˧kɤ˧kɤ˩|le˧ti˩le˧ti˩|,wɤ˩˥ ə˧ʑi˧ki˥ti˩ ə˧p[UNK]v[UNK]˧ki˧ti˥ ə˧v[UNK]˧ki˥ti˩ ə˧mi˧tɕi˩ki˩ti˩ ə˧mi˧ ɖɯ˩ki˩ t[UNK]i˩˥ ʈʂ[UNK]ɯ˧ɳɯ˧ʝi˥ tɑ˧kɤ˧kɯ˩ le˧ti˩
õtsʰo˧pæ˧ʝi˧kʰɯ˩ɲi˩mæ˩|njɤ˧|ə˧v̩˧ɖɯ˧hĩ˥dʑo˩|tsʰo˧pæ˧tʰi˧tɕʰo˩|,o[UNK]˧˥ts[UNK]o˧pæ˧ʝi˥k[UNK]ɯ˩ɲi˩mæ˩ njɤ˧ ə˧v[UNK]˧˥ ɖɯ˩hi[UNK]˥ dʑo˩ ts[UNK]o˧pæ˧t[UNK]i˧tɕ[UNK]o˥
ʐɤ˩mi˩ʈɤ˥ʈɤ˩tɕɯ˩ɑ˩ʁo˧|ʐɤ˩mi˩qo˥|ə˩gi˩||,ʈʂ[UNK]ɤ˩ne˩mi˩ ʈɤ˧ʈɤ˩ts[UNK]ɤ˩ wɤ˩˥ ʈʂɤ˧nɲi˧mi˧qo˥ ə˩gi˩
tsʰe˩kʰv̩˩˥|le˧gv̩˧ze˧|bɑ˩˥|tsʰe˩kʰv̩˩ʁʁo˩dɑ˩˥|dʑo˩|qʰæ˧˥|tsʰe˩kʰv̩˩ʁo˩tʰo˥dʑo˩|mɤ˧qʰæ˧ze˥|,ts[UNK]e˩k[UNK]v[UNK]˥le˧gv[UNK]˩ze˩pæ˩ ts[UNK]e˧k[UNK]v[UNK]˧˥ ʁwo˩dɑ˧˥ dʑo˩ q[UNK]æ˧ɻæ˥ ts[UNK]e˩k[UNK]v[UNK]˩˥ ʁo˩t[UNK]o˥dʑo˩ mɤ˧q[UNK]æ˧ze˥
õ|õ˧ʈʂʰɯ˧ne˧ʝi˥zo˩|tʰi˩˥|ʑi˧qʰwɤ˧gv̩˩ʈʂʰɯ˩dʑo˩|ɖwæ˧˥|lo˧hɑ˧ɲi˥|ə˧sɯ˩kv̩˩|nɑ˩ʑi˧mi˧|ʈʂʰɯ˧dʑo˩|ɬɬɬ,o[UNK] o[UNK]˧ʈʂ[UNK]ɯ˧ne˧ʝi˥zo˩ t[UNK]i˩˥ ʑi˧q[UNK]wɤ˧gv[UNK]˩ʈʂ[UNK]ɯ˩dʑo˩ ɖwæ˧˥ lo˧hɑ˧ɲi˥ ə˧sɯ˩kv[UNK]˩ nɑ˩ʑi˧mi˧ʈʂ[UNK]ɯ˧dʑo˩
ʈʂʰɯ˧|ə˧mi˧|ʈʂʰɯ˧jɤ˩ɳɯ˩|ə˧mi˧|ə˧mɑ˧|tʰɑ˧kɤ˧ʈʂɯ˩le˩|njæ˧zɯ˩|mv̩˩tɕʰi˩bi˩pi˥|kʰi˧˥|dʑo˩,ʈʂ[UNK]ɯ˧ ə˧mi˧ ʈʂ[UNK]ɯ˧njɤ˧ʝ˩ɳɯ˩ ə˧mi˧ ə˧mɑ˧ t[UNK]ɑ˧kɤ˧ʈʂɯ˧ɻɭɯ˧ njɤ˧ɻ[UNK]˩zo˩ mv[UNK]˩tɕ[UNK]i˩bi˩pi˥ k[UNK]i˧dʑo˩
gɤ˩ʈi˥|ʈʰææ̃˧|hɑ˧ʈʂʰɯ˧|æpi˧|ɖɯ˧kʰwɤ˥ɖɯ˩kʰwɤ˩lɑ˩|dzɯ˧ʁo˧|,gɤ˩ʈi˧ ʈ[UNK]æ˧hɑ˧ʈʂ[UNK]e˥ næm[UNK]bi˧ ɖɯ˧k[UNK]wɤ˥ɖɯ˩k[UNK]wɤ˩lɑ˩dzɯ˩ʁo˩
tʰi˩˥|lo˧ʂv̩˩|hi˩nɑ˧mi˧|pi˧dʑo˩|tʰi˩˥|zo˩no˥mmm…|,t[UNK]i˩˥ lo˧ʂɯ˩ hi˩nɑ˧mi˧ pi˧dʑo˩ t[UNK]i˩˥ zo˩no˥ m[UNK]
ʁwɤ˧qo˧hĩ˧|ɖɯ˧tɑ˧˥|le˧ʁɑ˥ʂe˩|ʂe˧hɯ˧dʑo˧|hæ̃˧qʰv̩˥dʑo˩|tʰi˩˥|njɤ˧|ə˧v̩˧˥|le˧tsʰɯ˩ɲi˩tsɯ˩|mv̩˩|,ʁwɤ˧qo˧ hi[UNK]˧ ɖɯ˧tɑ˧˥ le˧ʁɑ˥ʂe˩ se˧hɯ˩dʑo˩ hæ[UNK]˧q[UNK]v[UNK]˥dʑo˩ t[UNK]i˩˥ njɤ˧ ə˧v[UNK]˧˥ le˧ts[UNK]ɯ˩ɲi˩ze˩
ĩ˧|næ˩qʰæ˥ʈʂʰe˩,ihi[UNK]˧ neæ˩q[UNK]æ˥ʈʂ[UNK]e˩
tʰi˩˥|ə˧ʑi˧ki˥ti˩kv̩˩ze˩mæ˩|tʰi˩˥|ə˧ʑi˧ɳɯ˥|ŋv̩˧|tʰi˧ki˧|,t[UNK]i˩˥ ə˧si˧ki˥tɕi˩kv[UNK]˩ze˩mæ˩ t[UNK]i˩˥ ə˧ʑi˧ɳɯ˥ ŋv[UNK]˧ t[UNK]i˧ki˧
õ˧˥|tʰv̩˧qo˧dʑo˧|kʰwɤ˧pʰv̩˧qo˧gɤ˧|pi˧hĩ˧|ʈʂʰɯ˧ne˧ʝi˥|tʰi˧di˩kv̩˩tsɯ˩|ʈʂʰɯ˧ne˧ʝi˥zo˩|gɤ˩ʑi˥|tʰi˧di˩kv̩˩tsɯ˩|,o[UNK]o[UNK]t[UNK]v[UNK]˧qo˧dʑo˧ q[UNK]wɤ˧pv[UNK]˧qo˥gɤ˩pi˧ ʈʂ[UNK]ɯ˧ne˧ʝi˥ t[UNK]i˧di˩kv[UNK]˩tsɯ˩ ʈʂ[UNK]ɯ˧ne˧ʝi˥zo˩ gɤ˩ʑi˥ t[UNK]i˧di˩kv[UNK]˩tsɯ˩
njæ˧ɻ̍˩|ə˧ʝi˧ʂɯ˥ʝi˩|mo˧ɖʐɤ˥bi˩dʑo˩|mo˧kɤ˩dzi˩ʈʰæ˩ko˩pi˩zo˩|no˧|mo˧kɤ˩si˩dzi˩|ə˧sɯ˥|,njæ˧ɻæ˩ ə˧ʝi˧ʂɯ˥ʝi˩ mo˧ɖʐɤ˥bi˩dʑo˩ mo˧kɤ˩dʑɯ˩ʈ[UNK]wæ˩qo˩pi˩zo˩ mv[UNK]˧mo˧kɤ˩ si˩dzɯ˩ ə˧sɯ˥
tʰi˧tɕɤ˩dʑo˩|tʰi˩˥|ɖɯ˧pʰo˧hĩ˧bv̩˧|ʝi˧qv̩˥|ɖɯ˧ɭɯ˧|mɤ˧dʑo˧zo˧|,t[UNK]i˧tɕɤ˩dʑo˩ t[UNK]i˩˥ ɖɯ˧p[UNK]o˧hi[UNK]˧bv[UNK]˥ ʝi˧qv[UNK]˥ ɖɯ˧ɭɯ˧ɳi˧ mɤ˧dʑo˧zo˩
njæ˧sɯ˩kv̩˩|ə˧ʝi˧ʂɯ˥ʝi˩dʑo˩|zo˩no˥|njæ˧sɯ˩kv̩˩|tʰi˧dzi˩hĩ˩tʰv̩˩ʁwɤ˩dʑo˩|zo˩no˥|ɖæ˩mi˧ə˧lɑ˧ʁwɤ˧|pi˧kv̩˩tsɯ˩|mv̩˩|ə˧ʝi˧ʂɯ˥ʝi˩|,njæ˧sɯ˩kv[UNK]˩ ə˧ʝi˧ʂɯ˥ʝi˩dʑo˩ zo˩no˥ njæ˧sɯ˩kv[UNK]˩ t[UNK]i˧dzi˩hi[UNK]˩t[UNK]v[UNK]˩ʁoɤ˩ dʑo˩ zo˩no˥ ɖæ˩mi˧ ə˧lɑ˧ʁwɤ˧ pi˧kv[UNK]˩tsɯ˩ mv[UNK]˩ ə˧ʝi˧ʂɯ˥ʝi˩
tʰi˩˥|mɤ˧ɖwæ˩|mɤ˧ɖwæ˩|njɤ˧|ə˧v̩˧˥|ɖɯ˩hĩ˩ɳɯ˥|wɤ˩˥|ə˧tso˧ɖwæ˩tso˩dʑo˩|njɤ˧ɳɯ˧|wɤ˩˥|hwæ˧bi˧|pi˧|,t[UNK]i˩˥ mɤ˧ɖwæ˩mɑ˧ɖwæ˩ njɤ˧ ə˧v[UNK]˧˥ ɖɯ˩ʝi˩ɳɯ˥ wɤ˩˥ ə˧tso˧ɖwæ˩to˩dʑo˩ njɤ˧ɳɯ˧ wɤ˩˥ hwæ˧bi˧pi˧
jɤ˧ŋɤ˧ɳɯ˧dʑo˥|əəə…ho˧di˧po˧hɯ˥|,jɤ˧ŋɤ˧ɳɯ˧dʑo˥ əə[UNK]ho˧di˧po˧hɯ˥
əəə…zo˩no˥|si˧kʰɯ˧ɭɯ˧bv̩˥pi˩zo˩|zo˩no˧dʑo˥|tsʰo˧jo˩mv̩˩ʈʂæ˩ɲi˩mæ˩|ə˩gi˩|,əə[UNK]zo˩no˥ si˧k[UNK]ɯ˧ɭɯ˧bv[UNK]˥ pi˧zo˩ zo˩no˧dʑo˥ ts[UNK]o˧ʝi˩mv[UNK]˩ʈʂæ˩ɲi˩ze˩mæ˩ ə˩gi˩
tʰi˩˥|gi˩˥|dʑo˩|mɤ˧ɲi˩ze˩|õ˧˥|hɤ˩ʈʂɤ˩tso˥|mɤ˧ɲi˩|,t[UNK]i˩˥ gi˩˥ dʑo˩ mɤ˧ɲi˩ze˩ o[UNK]˧˥ hɤ˩ʈʂɤ˩tso˥mɤ˧ɲi˩
tʰi˩˥|tʰv̩˧ɲi˧ʑ|ɲi˧ʑi˩ɲi˩tsɯ˩|mv̩˩|ɖɯ˧ʑi˩ɻ̍˩dʑo˩|zo˧ɖɯ˧v̩˧tɕʰi˧|pi˧zo˩|,t[UNK]i˩˥ ʈʂ[UNK]ɯ˧ɲi˧ʑi˩ ɲi˧ʑi˩ɲi˩tsɯ˩ mv[UNK]˩ ɖɯ˧ʑi˩ɻ[UNK]˩dʑo˩ zo˧ ɖɯ˧v[UNK]˧tɕ[UNK]i˧bi˥ pi˧zo˩
tʰi˩˥|tsʰi˧qʰæ˧˥|dʑo˩|wɤ˩˥|ʈʂo˩bo˩ti˥|mmm…ʈʂwæ˧ʑi˧qʰwɤ˧gv̩˩ɲi˩pi˩|ŋwɤ˧ʈʂwæ˧ʑi˧qʰwɤ˧gv̩˩|,t[UNK]i˩˥ ts[UNK]i˧q[UNK]æ˧˥ dʑo˩ wɤ˩˥ ʈʂo˩bo˩ti˥ mm[UNK]ʈʈʂwæ˧ ʑi˧q[UNK]wɤ˧gv[UNK]˩ɲi˩pi˩ ŋwɤ˧ʈʂwæ˧ ʑi˧q[UNK]wɤ˧ gv[UNK]˩˥
njæ˧sɯ˩kv̩˩|qo˩qɑ˩˥|ɑ˩ʁo˧dʑo˩|pi˧dʑo˩|ɖʐɯ˧qo˩ni˩hĩ˩ɳɯ˩dʑo˩|əəə…ʐwæ˧|tʰi˧se˥|le˧mv̩˥kv̩˩ze˩|,njæ˧sɯ˩kv[UNK]˩ qo˩qɑ˩˥ ɑ˩ʁo˥ɖʐɯ˩ pi˩dʑo˩ ɖʐɯ˧qo˩ni˩ɳɯ˩dʑo˩ əə[UNK]ʐwæ˧ t[UNK]i˧se˥ le˧mv[UNK]˩kv[UNK]˩ze˩
tʰi˩˥|hĩ˧|ʈʂʰɯ˧ʂæ˧ʂæ˧hĩ˧qo˩|le˧tsʰɯ˩ɲi˩mæ˩|,t[UNK]i˩˥ hi[UNK]˧ ʈʂ[UNK]ɯ˧ʂæ˧ʂæ˧hi[UNK]˧qo˩ le˧ts[UNK]ɯ˧ɲi˩ mæ˩
hĩ˧|gi˩˥|wɤ˩˥dzɑ˧hĩ˧ki˧|ʂe˧bi˧v̩˩tʰv̩˩hĩ˩ʈʂʰɯ˩dʑo˩|mɤ˧tsɤ˧ze˧|pi˧zo˩|tʰi˩˥|le˧wo˧tʰo˥tɕo˩|le˧tsʰɯ˩zo˩|,hi[UNK]˧ gʑi˧˥ dzɑ˧hi[UNK]˧ki˧ ʂe˧bi˧v[UNK]˧t[UNK]v[UNK]˧hi[UNK]˧ ʈʂ[UNK]ɯ˧dʑo˩ mɤ˧tsɤ˧ze˧ pi˧zo˩ t[UNK]i˩˥ le˧ʁo˧t[UNK]o˧tɕo˩ le˧ts[UNK]ɯ˩zo˩
ə˧mv̩˧ki˥|ʈʂʰɯ˧ne˧ʝi˥|ʝi˧lo˧mɤ˧dʑɤ˩ɲi˩ze˩mæ˩|,ə˧mv[UNK]˧ki˥ ʈʂ[UNK]ɯ˧ne˧ʝi˥ ʝi˧lo˧ mɤ˧dʑɤ˩ɲi˩ze˩mæ˩
ni˧mi˧ʈʂʰɯ˧|zo˩no˥|go˧mi˧ʈʂʰɯ˧|hĩ˧ki˧ki˩|pi˧dʑo˩|ni˧mi˧ɲi˥ze˩mæ˩|ə˩gi˩|,ni˧mi˧ʈʂ[UNK]ɯ˧ zo˩no˥ go˧mi˧ʈʂ[UNK]ɯ˧ hi[UNK]˧ki˧ki˩ pi˧dʑo˩ ni˧mi˧ɲi˥ze˩mæ˩ ə˩gi˩
dʑɯ˧ʈʂʰwæ˧,dze˧ʈʂ[UNK]ɤ˥
ə˧zɯ˩|sɯ˧sɯ˧pi˧dʑo˩|ə˧zɯ˩|ɖʐv̩˧ɲi˩pi˩|ɖʐv̩˧ɖʐv̩˧|no˧ɳɯ˧njɤ˩mv̩˩|njɤ˧ɳɯ˧no˩mv̩˩|ɖɯ˧pæ˥|le˧tɕʰo˥tɕʰo˩hɯ˩|,ə˧zɯ˩ si˧sɯ˧pi˩dʑo˩ ə˧zɯ˩ ɖʐv[UNK]˧ɲi˩pi˩ ɖʐv[UNK]˧ ɖʐv[UNK]˧no˧ɻ njɤ˩mv[UNK]˩ njɤ˧ɳɯ˧no˩mv[UNK]˩ ɖɯ˧pæ˧i le˧ʈʂ[UNK]o˧tɕo˩hɯ˩
tʰi˩˥|ʈʂʰɯ˧ne˧ʝi˥|tʰi˧dzi˩dʑo˩|tʰi˩˥|əəə…gv̩˧mɑ˧tsʰɯ˩ɻ̍˩pi˩|tsʰɯ˧ɻ̍˧ɬɑ˩mv̩˩pi˩|əəə…ɖɯ˩mɑ˧ɬɑ˩tsʰo˩pi˩|ʈʂʰɯ˧sɯ˩kv̩˩|so˩kv̩˩˥|njɤ˧|ə˧ʑi˧˥|ɖɯ˩mɑ˧pv̩˩ʈʰɯ˩|ʈʂʰɯ˧sɯ˩kv̩˩|ʐv̩˩kv̩˩ɲi˥tsɯ˩|mv̩˩,t[UNK]i˩˥ ʈʂ[UNK]ɯ˧ne˧ʝi˥ t[UNK]i˧dzi˩dʑo˩ t[UNK]i˩˥ əə[UNK]gv[UNK]˧mɤ˧ts[UNK]ɯ˩ɻ[UNK]˩ pi˩ ts[UNK]ɯ˧ɻ[UNK]˩ɬɑ˩mv[UNK]˩pi˩ əə[UNK]ɖɯ˩mɑ˧lɑ˩ts[UNK]o˩pi˩ ʈʂ[UNK]ɯ˧sɯ˩kv[UNK]˩ so˩kv[UNK]˩˥ njɤ˧ ə˧ʑi˧˥ ɖɯ˩mɤ˧pv[UNK]˩ʈ[UNK]ɯ˩ ʈʂ[UNK]æ˧sɯ˩kv[UNK]˩ ʐv[UNK]˩kv[UNK]˩ɲi˥tsɯ˩ mv[UNK]˩
njɤ˧|ə˧si˧ɳɯ˧|zo˩no˥|ə˧sɯ˩kv̩˩|no˧sɯ˩kv̩˩|zo˩no˥|le˧ʐwɤ˩pi˩dʑo˩|,njɤ˧ ə˧ʂi˧ɻʝi˥ zo˩no˥ ə˧sɯ˩kv[UNK]˩ no˧sɯ˩kv[UNK]˩ zo˩no˥ le˧ʐwɤ˩ pi˧dʑo˩
ʈʂʰɯ˧ne˧ʝi˥|le˧tɕɯ˧ɭɯ˧|le˧tɕɯ˧ɭɯ˧|ʈʂʰɯ˧ne˧ʝi˥|le˧gv̩˩|,ʈʂ[UNK]ɯ˧ne˧ʝi˥ le˧tɕɯ˧˥˥ le˧tɕɯ˧lo˥ ʈʂ[UNK]ɯ˧ne˧ʝi˥ le˧gv[UNK]˩
mv̩˧dze˧ki˧ɲi˥tsɯ˩|mv̩˩|qʰɑ˧dze˧ki˧ɲi˥tsɯ˩|mv̩˩|ɕi˧ɭɯ˧ki˧ɲi˥tsɯ˩|mv̩˩|,mv[UNK]˧dze˧ki˧ɲi˥tsɯ˩ mv[UNK]˩ q[UNK]ɑ˧dze˧ki˧ɲi˥tsɯ˩ mv[UNK]˩ si˧ɭɯ˧ki˧ɲi˥tsɯ˩ mv[UNK]˩
njɤ˧|tnjɤ˧|le˧ʂv̩˧ɖv̩˧zo˥|no˧ki˧|ʂe˧tsʰɯ˩ɲi˩|,njɤ˧ ˧ʈi˧ njɤ˧ le˧ʂv[UNK]˧ɖv[UNK]˧zo˥ no˧ ki˧ ʂe˧ts[UNK]ɯ˧ɲi˩
tʰi˩˥|ʈʂʰæ˧ɣɯ˧ki˩hĩ˩|dʑɤ˩˥|mɤ˧dʑo˩|,t[UNK]i˩˥ ʈʂ[UNK]æ˧ɣɯ˧ki˩hi[UNK]˩ dʑɤ˩˥ mɤ˧dʑo˩
wɤ˩˥|le˧tɕɯ˩tɕɯ˩|le˧po˧tsʰɯ˧˥|wɤ˩˥|ɬi˧di˩|tɕʰi˧kv̩˥mæ˩|,wɤ˩˥ le˧tɕɯ˩tɕɯ˩ le˧po˧ts[UNK]ɯ˧˥ wɤ˩˥ ɬi˧di˩ tɕ[UNK]ɤ˧kv[UNK]˧˥ mæ˩
kʰvkʰv̩˩mi˩ʈʂʰɯ˥dʑo˩|njɤ˧le˧gv̩˧|ʐo˩˥|ɖɯ˧mɤ˧kv̩˧tsɯ˥|mv̩˩,k[UNK]v[UNK]˧ ɳo˥ k[UNK]v[UNK]˩mi˩ʈʂ[UNK]ɯ˥dʑo˩ njɤ˧le˧go[UNK]˥ ʐo˩˥ ɖɯ˧mɤ˧kv[UNK]˧tsɯ˥ mv[UNK]˩
wɤ˩˥|kɯ˧ʈʂʰwɤ˩|ɖɯ˧tɕʰi˧gv̩˩|dʑɤ˩tsʰo˧hĩ˧ɻæ˧ki˥|,wɤ˩˥ kɯ˧ʈʂ[UNK]wɤ˩ ɖɯ˧tɕ[UNK]i˩gv[UNK]˩ dʑɤ˩ts[UNK]o˥hi[UNK]˧ki˧
zo˩no˥|ʈʈæ˧bɤ˧ʈʂʰɯ˧dʑo˩|ʈʂʰæ˧ɣɯ˧mɤ˧dʑo˧ɲi˥|ʈʂʰo˧lɑ˧kv̩˥|,zo˩no˥ ʈʈæ˧bɤ˧ʈʂ[UNK]ɯ˧dʑo˩ ʈʂ[UNK]æ˧ɣɯ˧ mɤ˧dʑo˧ɲi˥ ʈʂ[UNK]o˧lɑ˧kv[UNK]˥
tʰi˩˥|le˧tɕɤ˧se˥|wɤ˩˥|le˧bv̩˩|,t[UNK]i˩˥ le˧tɕɤ˧se˥ wɤ˩˥ le˧bv[UNK]˩
õ˧ʈʂʰɯ˧ne˧ʝi˥dʑo˩|tʰi˩˥|ə˧ʝi˧ʂɯ˥ʝi˩|mo˧ɳɯ˥|tsʰi˧ʝi˧|mo˧ɳɯ˥|tʰv̩˧ʁo˥|tʰv̩˧qo˧|mo˧ɳɯ˥|dv̩˩ze˥|tʰv̩˧qo˧|mo˧ɳɯ˥|dv̩˩pi˧|gɯ˩ʝi˥|dzɯ˧mɤ˧kv̩˩ze˩|õ,o[UNK]˧ʈʂ[UNK]ɯ˧ne˧ʝi˥dʑo˩ t[UNK]i˩˥ ə˧ʝi˧ʂɯ˥ʝi˩ mo˧ɳɯ˥ tɕ[UNK]o˧ɲi˥ɻ[UNK]˩ mo˩ɳɯ˥ t[UNK]v[UNK]˧v[UNK]˧ t[UNK]v[UNK]˧qwɤ˧ mo˧ɳɯ˥ dv[UNK]˩ze˩ t[UNK]v[UNK]˧qwɤ˧ mo˧ɳɯ˥ d˩pi˧ gi˩˥ mɤ˧dzɯ˧mɤ˧kv[UNK]˩ze˩ o[UNK]˧
tʰi˩˥|ə˧mi˧le˧ʂɯ˧ɲi˥ho˩ze˩wɤ˩|æ˧ʂæ˧tɑ˩mv̩˩dʑo˩|,t[UNK]i˩˥ ə˧mi˧ le˧ʂɯ˧ɲi˥ho˩ze˩wɤ˥ æ˧ʂæ˧tɑ˩mv[UNK]˩dʑo˩
əəə…ʐv̩˧tsʰi˩gv̩˩hɑ̃˩ɖɯ˩kʰv̩˩mmm…lv̩˩kʰɯ˩zo˩kv̩˥pi˩|,əə[UNK]ʐv[UNK]˧ts[UNK]i˩gv[UNK]˩hɑ[UNK]˩ɖɯ˩k[UNK]v[UNK]˩ [UNK]ʐv[UNK]˧k[UNK]ɯ˩zo˩kv[UNK]˩pi˩
hæ̃˧pɤ˧tʰi˧mv̩˧kʰɯ˧se˥|dʑo˩|tʰi˩˥|dʑɯ˧ki˥|tʰi˧ki˩kʰɯ˩|,hæ[UNK]˧pɤ˧t[UNK]i˧mv[UNK]˧k[UNK]ɯ˧se˥ t[UNK]i˩˥ dʑɯ˩ki˥ t[UNK]i˧ki˩k[UNK]ɯ˩
le˧qʰwɤ˧|ʈʂʰɯ˧gi˧˥|ɖɯ˧ʈʂæ˧gv̩˧dʑo˩|tʰi˩˥|ɖɯ˧ɲi˥|ə˧ʝi˧ʂɯ˥ʝi˩dʑo˩|hɑ˧ʈʂʰɯ˧|zo˩no˧ni˩|ə˧tso˧fv̩˧ɻ̍˧|mɤ˧dʑo˧ɲi˥mæ˩|ə˩gi˩|,le˧q[UNK]wɤ˧ ʈʂ[UNK]ɯ˧dʑo˧ ɖɯ˧ʈʂæ˧gv[UNK]˧dʑo˩ t[UNK]i˩˥ ɖɯ˧ɲi˥ə˧ʝi˧ʂɯ˥ʝi˩dʑo˩ hɑ˧ʈʂ[UNK]ɯ˧ zo˩no˧ni˩ ə˧tso˧fv[UNK]˧ɯ˩ mɤ˧dʑo˧ɲi˥mæ˩ ə˩gi˩
kv̩˧tsʰɑ˧ɻ̍˧pi˥|kv̩˧tsʰɑ˥|ki˧zo˧pi˧zo˥|,kv[UNK]˧ts[UNK]ɤ˧ɻ[UNK]˧pi˥ kv[UNK]˧ts[UNK]ɑ˥ki˩zo˧pi˧zo˥
tʰi˩˥|tʰi˩˥|hĩ˧bæ˧ʈʂʰɯ˧|qʰɑ˩jɤ˩le˩tsʰɯ˩bi˥|qo˩ho˧˥|le˧pɤ˥pɤ˩|jo˧kv̩˧˥|mæ˩|,t[UNK]i˩˥ t[UNK]i˩˥ hi[UNK]˧bæ˧ʈʂ[UNK]ɯ˧ q[UNK]ɑ˩jɤ˩le˩ts[UNK]ɯ˩bi˥ qo˩ho˧ le˧pɤ˥ pɤo˧jo˧kv[UNK]˧˥ mæ˩
ʈæ˧bɤ˧ʁɑ˧ʂe˩|dɑ˧pɤ˧ʁɑ˧ʂe˩|ʐɯ˧hwɤ˩kv̩˩mæ˩|,ʈæ˧bɤ˧ʁɑ˧ʂe˩ dɑ˧pɤ˧ʁɑ˧ʂe˩ ʐɯ˧hwɤ˩kv[UNK]˩mæ˩
ə˧tso˧go˩,lɑə˧dzso˧kv[UNK]˩
tʰi˩˥|sɯ˧pʰi˧|ɖɯ˧ʑi˩ɲi˩tsɯ˩|mv̩˩|tʰi˩˥|kv̩˧tsʰɑ˥ki˩dzi˩hɯ˩ɲi˩tsɯ˩|mv̩˩,t[UNK]i˩˥ sɯ˧p[UNK]i˧ ɖɯ˧ʑi˩ɲi˩tsɯ˩ mv[UNK]˩ t[UNK]i˩˥ kv[UNK]˧ts[UNK]ɑ˥pv[UNK]˩ki˩ dzɯ˩hɯ˩ɲi˩tsɯ˩ mv[UNK]˩
nɑ˩ʈʂʰɯ˥|ɖɯ˩lo˧ʈʂʰɯ˧|,nɑ˩ʈʂ[UNK]ɯ˥ ɖɯ˧lo˧ʈʂ[UNK]ɯ˧
ə˧ɲi˧tsʰi˧ɲi˧|ɖɯ˧sɑ˥|mɤ˧ʝi˧ɲi˥ze˩mæ˩|lv̩˧|ʈʂʰɯ˧ne˧ʝi˥|tʰi˧ɬi˧kʰɯ˥|,ə˧ɲi˧ts[UNK]i˧ɲi˧ ɖɯ˧sɑ˥ mɤ˧ʝo˧ɲi˥˩mæ˩ ɖlv˧ ʈʂɯ˧ne˧ʝi˥ t[UNK]i˧ɬi˧k[UNK]ɯ˧˥
ʂɯ˧hĩ˧ʈʂʰɯ˧|ɖɯ˧kʰɤ˧pɤ˧pɤ˥hĩ˩lɑ˩|əəə…le˧pv̩˧hĩ˧tʰv̩˧|ɲi˧ɲi˧dzɯ˧di˧˥|pɤ˧pɤ˥hĩ˩tʰv̩˩|ʂɯ˧hĩ˧bv̩˧|ɖɯ˧tci˩pɤ˩pɤ˩hĩ˩|ʐɯ˧|ʐwæ˩ɲi˥ze˩wɤ˩|,ʂɯ˧hi[UNK]˧ʈʂ[UNK]ɯ˧ ɖɯ˧k[UNK]ɤ˧pɤ˧pɤ˥hi[UNK]˩lɑ˩ əə[UNK]le˧pv[UNK]˧hi[UNK]˧t[UNK]v[UNK]˧ ɲi˧ɲi˧dzɯ˧di˧˥ pɤ˧pɤ˥hi[UNK]˩t[UNK]v[UNK]˩ ʂɯ˧hi[UNK]˧bv[UNK]˧ ɖɯ˧tɕ[UNK]i˩pɤ˩pɤ˩hi[UNK] ʐɯ˧ ʐwæ˩ɲi˥ze˩wɤ˩
ə˧ʝi˧ʂɯ˥ʝi˩|ɖɯ˧ʑi˩ɻ̍˩ʈʂʰɯ˩dʑo˩|əəə…qv̩˧ɻ̍˧|pi˧hĩ˧|ɖɯ˧ʝi˧dzi˩ɲi˩tsɯ˩|mv̩˩|qv̩˧ɻ̍˧ʁo˧qʰwɤ˥,ə˧ʝi˧ʂɯ˥ʝi˩ ɖɯ˧ʑi˩hi[UNK]˩ʈʂ[UNK]ɯ˩dʑo˩ ə[UNK]qqv[UNK]˧ɻ[UNK]˧pi˧hi[UNK]˧ ɖɯ˧ʝi˩dzi˩ɲi˩tsɯ˩ mv[UNK]˩ qv[UNK]˧ɻ[UNK]˧ʁo˧q[UNK]wɤ˥
ɳɯ˩dʑɯ˥lɑ˩|v̩˩tsʰɤ˧lɑ˥ɲi˩wɤ˩|v̩˩tsʰɤ˧tæ˧pv̩˥lɑ˩ɲi˩|ə˧ji˧ʂɯ˥ʝi˩|,ɳɯ˩dʑɯ˥lɑ˩ v[UNK]˩ts[UNK]ɤ˧lɑ˥ɲi˩ v[UNK]˩ts[UNK]ɤ˧tæ˧pv[UNK]˥lɑ˩ɲi˩ ə˧ʝi˧ʂɯ˥ʝi˩
hɑ˧|ŋwɤ˩bæ˩hĩ˥ʈʂʰɯ˩|ʈʂʰɯ˧qʰwɤ˧pɤ˥|ʈʂʰɯ˧ɖɯ˧ɖɯ˧|ʈʂʰɯ˧ɖɯ˧ɖɯ˧hĩ˧ʈʂʰɯ˧bæ˧|ŋwɤ˧qʰwɤ˩|,hɑ˧ ŋwɤ˩bæ˩hi[UNK]˥ʈʂ[UNK]ɯ˩ ʈʂ[UNK]ɯ˧ q[UNK]wɤ˩pɤ˧ ʈʂ[UNK]ɯ˧ɖɯ˧ɯ˧ɖɯ˧ʂɯ˩ɖɯ˧ɭɯ[UNK]˩ɖɯ˩hi[UNK]˩ ʈʂɯ˧pæ˧ ŋwɤ˧q[UNK]wɤ˩
tʰi˩˥|go˧mi˧|tʰv̩˧v̩˧ɳɯ˩dʑo˩|gɤ˩ʈʂʰv̩˩˥|tʰi˧ʈʂʰv̩˧˥|dʑo˩,t[UNK]i˩˥ go˧mi˧ ʈʂ[UNK]ɯ˧v[UNK]˧ɳɯ˩dʑo˩ gɤ˩ʈʂ[UNK]ɻ[UNK]˩˥ t[UNK]i˧ʈʂ[UNK]˧˥ dʑo˩
tʰi˩˥|zo˩no˥|əəə…zo˧mv̩˥lɑ˩|le˧ʐɤ˧tʰv̩˧|ʑi˧qʰwɤ˧lɑ˧|le˧tsʰi˧tʰv̩˧|əəə…mv̩˧di˧lɑ˥|le˧pæ˧˥|tʰv̩˩|ɖʐe˧lɑ˧|dʑo˧tsɯ˧˥|mv̩˩,t[UNK]i˩˥ zo˩no˥ ə[UNK]zo˧mv[UNK]˥lɑ˩ le˧ʐɤ˩t[UNK]v[UNK]˧ ʑi˧q[UNK]wɤ˧lɑ˧ le˧ts[UNK]i˧t[UNK]v[UNK]˧ əə[UNK]mv[UNK]˧di˧lɑ˥ le˧pæ˧˥t[UNK]v[UNK]˧ ɖʐe˧lɑ˧ dʑo˩tsɯ˥ mv[UNK]˩
ə˧mi˧ʈʂʰɯ˧|tʰi˩˥|mmm…ʐv̩˧di˧dʑo˧˥|ɖɯ˧ʝi˧ɲi˩ze˩mæ˩|ə˩gi˩|dʑɯ˩ʁo˩ʁo˩to˥|ɖɯ˩tɕo˧fæ˧hĩ˧|ɖɯ˧ʝi˧qo˧|dʑo˩ɲi˩ho˥ze˩mæ˩|,ə˧mi˧ʈʂ[UNK]ɯ˧ t[UNK]i˩˥ m[UNK]ʐv[UNK]˧di˧ dʑo˧˥ ɖɯ˧ʝi˥ɲi˩ze˩mæ˩ ə˩gi˩ dʑɯ˩ʁo˩ʁo˩to˥ ɖɯ˧tɕo˧ fæ˧hi[UNK]˧ ɖɯ˧ʝi˧qo˧ dʑo˧ɲi˥qo˩ze˩mæ˩
mv̩˧ɖɯ˩qo˩qɑ˩mæ˩no˩|kɤ˧sɑ˥ɕi˩ʁwɤ˩bi˩mæ˩no˩|pi˧|õ˧ʈʂʰɯ˧ne˧ʝi˥zo˩|kʰi˧mi˧ʈʂʰɯ˧|wɤ˩˥|tʰi˧mæ˩|tʰi˩˥|wɤ˩˥|dʑɤ˩hĩ˥qo˩mæ˩zo˩kv̩˩pi˩|,mv[UNK]˧ɖɯ[UNK]˩qo˩qɑ˩mæ˩no˩ kɤ˧˥sɑ˧ ɕi˧ʁwɤ˩bi˩mæ˩no˩ pi˧ o[UNK]˧ʈʂ[UNK]ɯ˧ne˧ʝi˥ zo˩ k[UNK]i˧mi˧ʈʂ[UNK]ɯ˧ wɤ˩ t[UNK]i˧mæ˩t[UNK]v[UNK]˩wɤ˩ dʑɤ˩hi[UNK]˥qo˩mæ˩zo˩kv[UNK]˩ pi˧
ĩ˧|gv̩˧wo˥hĩ˩ʈʂʰɯ˩dʑo˩|tʰi˩˥|tsʰe˩hõ˩pʰo˥ɲi˩ze˩mæ˩|,ə[UNK]gv[UNK]˧wo˥hi[UNK]˩ʈʂ[UNK]ɯ˧dʑo˩ t[UNK]i˩˥ ts[UNK]e˩ho[UNK]˩p[UNK]o˥ɲi˩ze˩mæ˩
tʰi˩˥|wɤ˩˥|sɑ˧bo˧|ʈʂʰɯ˧ne˧ʝi˥|le˧bo˧|le˧bo˧|le˧bo˧|le˧bo˧|,t[UNK]i˩˥ wɤ˩˥ sɑ˧bɤ˧ ʈʂ[UNK]ɯ˧ne˧ʝi˥ le˧bo˧ le˧bo˧ le˧bo˧ le˧bo˧
kʰv̩˩mi˩˥|le˧ʂɯ˧bi˧bi˧bi˧pi˧|zo˩no˥|njæ˧sɯ˩kv̩˩|kʰv̩˩mi˩˥|kʰv̩˩mi˩˥|ɑ˩ʁo˥|le˧ʐɤ˧|le˧ʂɯ˧bi˧bi˧|le˧ʂɯ˧ɖɯ˧ɲi˧|ɑ˩pʰo˩˥|si˧dzi˩ʈʰæ˩ʈʰæ˩qo˩|nv̩˧kʰi˩dʑo˩|ʂe˧|ɖɯ˧pʰæ˧ʑi˧˥|qwæ˩ʈʂæ˩qo˥|tʰi˧ʈʰæ˧kʰɯ˥|,k[UNK]v[UNK]˩mi˩˥ le˧ʂɯ˧bi˧bi˧bi˧ zo˩no˥ njæ˧sɯ˩kv[UNK]˩ k[UNK]v[UNK]˩mi˩˥ k[UNK]v[UNK]˩mi˩˥ ɑ˩ʁo˧ le˧ʐɤ˧ le˧ʂɯ˧bi˧bi˧ le˧ʂɯ˧ ɖɯ˧ɲi˥ ɑ˩p[UNK]o˧˥ si˧ʈ[UNK]æ˩æ˩ ʈ[UNK]æ˧ɻæ˥qwæ˥ nv[UNK]˧k[UNK]i˧dʑo˩ ʂe˧ ɖɯ˧p[UNK]æ˧ʑi˧˥ qw˩ʈʂæ˩qo˥ t[UNK]i˧ʈ[UNK]æ˧k[UNK]ɯ˥
zo˩no˥|ʈʂʰæ˧ɣɯ˧ɲi˥pi˩hĩ˩tʰv̩˩kʰwɤ˩|,zo˩no˥ ʈʂ[UNK]æ˧ɣɯ˧ɲi˩pi˩hi[UNK]˩t[UNK]v[UNK]˩kv[UNK]˩
mmm…dzi˧dzi˧ʈʰæ˧qo˩di˩hĩ˩dʑo˩|mo˩kv̩˥dʑo˩|zo˩no˥|dʑɯ˩si˩bi˥di˩ɲi˩mæ˩|,mm[UNK]dʑɯ˧dzi˧ʈ[UNK]æ˧qo˩di˩hi[UNK]˩dʑo˩ mo˩kv[UNK]˥dʑo˩ zo˩no˥ dʑɯ˩sɯ˩bi˥di˩ɲi˩mæ˩
ə˧ʝi˧tsʰi˧ʝi˧ə˧ʝi˧ʂɯ˥ʝi˩dʑo˩|hɑ˧ɭɯ˧ʈʂʰɯ˧|le˧pʰv̩˧˥|le˧tɕɤ˧˥|le˧tɕɤ˧˥|le˧pʰv̩˧pi˥kv̩˩mæ˩|njæ˧sɯ˩kv̩˩dʑo˩|,ə˧ʝi˧ts[UNK]i˧ʝi˧ ə˧ʝi˧ʂɯ˥ʝi˩dʑo˩ hɑ˧ɭɯ˧ʈʂ[UNK]ɯ˧ le˧p[UNK]v[UNK]˧˥ le˧tɕɤ˧˥ le˧tɕɤ˧˥ le˧p[UNK]v[UNK]˧pi˧kv[UNK]˩m˩mæ˩ njæ˧sɯ˩kv[UNK]˩dʑo˩
hɑ˧|ɖɯ˧kʰv̩˧˥|ɖɯ˧ʂɯ˩lɑ˩gɤ˩ʂo˩ɲi˩mæ˩|,hɑ˧ ɖɯ˧k[UNK]v[UNK]˧˥ ɖɯ˧ʂɯ˩lɑ˩ gɤ˩ ʂo˧ɲi˩mæ˩
le˧mo˩zo˩|le˧mo˩zo˩|le˧mo˩|hĩ˧lv̩˥|mɤ˧ʁo˧ɲi˥tsɯ˩|mv̩˩|,le˧mo˩zo˩ le˧mo˧zo˩ le˧mo˩ hi[UNK]˧ɳv[UNK]˥ mɤ˧ʁo˧ɲi˥tsɯ˩ mv[UNK]˩
le˧pæ˧se˥hĩ˩kwɤ˩tɕɯ˩lɑ˩|hĩ˧ʈʂʰɯ˧|tʰi˩˥|ɖɯ˧v̩˧mɤ˧go˩|ɖɯ˧v̩˧mɤ˧tsʰi˧˥|,le˧pæ˧se˥kwɤ˩tɕɯ˩lɑ˩ hi[UNK]˧ʈʂ[UNK]ɯ˧ t[UNK]i˩˥ ɖɯ˧v[UNK]˧mɤ˧go˩ ɖɯ˧vwɤ˧mɤ˧ts[UNK]i˧
ʂe˧|ɖɯ˧tɕʰi˩mɤ˩dzɯ˩|hĩ˧ʈʂʰɯ˧|pæ˧qʰwɤ˩|no˩˥|ɖɯ˧pʰæ˧di˩dʑo˩|ɖʐo˧|ʐwæ˩ɲi˥|,ʂe˧ ɖɯ˧tɕ[UNK]i˩mɤ˩dzɯ˩ hi[UNK]˧ʈʂ[UNK]ɯ˧ p[UNK]æ˧q[UNK]wɤ˩ no˧˥ ɖɯ˧bæ˧di˩dʑo˩ ɖʐo˧ ʐwæ˩ɲi˥m
si˧dzi˩ʈʰæ˩qo˩|tʰi˩˥|no˧˥|hĩ˧dv̩˥kv̩˩mɤ˩kv̩˩|mɤ˧sɯ˥|tʰi˧dzɯ˥dʑo˩|ə˧tso˧ɲi˩|mɤ˧do˩|,si˧dzi˩ʈ[UNK]æ˩qo˩ t[UNK]i˩˥ no˧ hi[UNK]˧dv[UNK]˥kv[UNK]˩mɤ˩kv[UNK]˩ mɤ˧sɯ˥ t[UNK]i˧dzɯ˥dʑo˩ ə˧tsɯ˧ɲi˥ mɤ˧do˩
ɲi˧tsi˧qʰv̩˧kv̩˧dʑo˧˥|dʑo˩|ɑ˩ʁo˧|ɖɯ˧tɑ˧˥|ə˧ʑi˧ɳɯ˥|tʰi˧dzi˩ktʰi˧dzi˩|ʈʂʰɯ˧ne˧ʝi˥|tʰi˧dzi˩|,ɲi˧tsi˧q[UNK]wæ˧kv[UNK]˧dʑo˧˥ dʑo˩ ɑ˩ʁo˧ ɖɯ˧tɑ˧˥ ə˧ʑi˧ɳɯ˥ t[UNK]i˧dzi˩ p[UNK]i˧dzi˩ ʈʂ[UNK]ɯ˧ne˧ʝi˥ t[UNK]i˧dzi˩
bɑ˩lɑ˩tʰi˥mv̩˩kʰɯ˩se˩|tʰi˩˥|hæ̃˧pɤ˧tʰi˧mv̩˧kʰɯ˧˥|,bɑ˩lɑ˩t[UNK]i˥mv[UNK]˩k[UNK]ɯ˩tse˩  t[UNK]i˩˥ hæ[UNK]˧pɤ˧t[UNK]i˧mv[UNK]˧k[UNK]ɯ˧˥
ʈʰæ˧qʰwɤ˧ʈʂʰɯ˧|ʈʂe˩kʰɯ˩ʈʂʰɯ˥ɳɯ˩|ʈʂʰɯ˧ʁo˥ɳɯ˩|hĩ˧ʈʂʰɯ˧gɤ˧|tsʰɤ˧˥|ɲi˩wɤ˩|wo˧zo˥|,ʈ[UNK]æ˧q[UNK]wɤ˧ʈʂ[UNK]ɯ˧ ʈʂe˩k[UNK]ɯ˧ʈʂ[UNK]ɯ˧ɳɯ˩ ʈʂ[UNK]ɯ˧ʁo˥ɳɯ˩ hi[UNK]˧ʈʂ[UNK]ɯ˧gɤ˧ts[UNK]ɤ˧˥ ɲi˩wɤ˩ wo˧zo˥
tʰi˩˥|ʈʂʰɯ˧ne˧ʝi˥kwɤ˩tɕɯ˩lɑ˩|ə˧mi˧|tʰi˩˥|mv̩˧di˧qo˥|hĩ˧ɳɯ˩|ʈʂʰɯ˧ne˧ʝi˥|ʐwɤ˩ɲi˥tsɯ˩|mv̩˩,t[UNK]i˩˥ ʈʂ[UNK]ɯ˧ne˧ʝi˥kwɤ˩tɕɯ˩lɑ˩ ə˧mi˧ t[UNK]i˩˥ mv[UNK]˧di˧qo˥ hi[UNK]˧ɳɯ˩ ʈʂ[UNK]ɯ˧ne˧ʝi˥ ʐwɤ˩ɲi˥tsɯ˩ mv[UNK]˩
ə˧ʝi˧ʂɯ˥ʝi˩|tʰi˩˥|nɑ˩hɑ˥dʑo˩|no˧ɳɯ˧|pi˧ni˧˥|nɑ˩hɑ˥dʑo˩|ə˧mɑ˧ɳɯ˧|pi˧ni˧˥|zo˩|,ə˧ʝi˧ʂɯ˥ʝi˩ t[UNK]i˩˥ nɑ˩hɑ˥dʑo˩ no˧ɳɯ˧ pi˧niæ˧˥ nɑ˩hɑ˥dʑo˩ ə˧mɑ˧ɳɯ˧ pi˧ni˧˥ ʐwo˩
zo˩no˥əəə…|ʐwæ˧tɕɯ˩hĩ˩|ɖɯ˧pi˧˥|hɤ˩hĩ˩˥|tʰo˩lo˥|ɻ̍˩ɻ̍˧lo˩|pi˧|di˩hĩ˩˥|dʑo˩|tsʰo˧pæ˧mv̩˥ʈʂæ˩kv̩˩mæ˩|,zo˩no˥ə[UNK]ʐwæ˧tɕɯ˩h[UNK]˩ ɖɯ˧pi˧˥ hɤ˩hi[UNK]˩˥ t[UNK]o˩lo˧ ɻ[UNK]˧lo˩ pi˧ di˩hi[UNK]˩dʑo˩ ts[UNK]o˧pæ˧mv[UNK]˥ʈʂæ˩kv[UNK]˩mæ˩
tʰi˩˥|ʈʂʰɯ˧ne˧ʝi˥se˩dʑo˩|ə˧ʝi˧ʂɯ˥ʝi˩|njɤ˧|ə˧si˧|ʈʂʰɯ˧dʑo˩|zo˩no˥|hĩ˧ɻæ˥|ʁwɤ˧qo˧|ʈʂʰɯ˧ne˧ʝi˥|pi˧kv̩˩|,t[UNK]i˩˥ ʈʂ[UNK]ɯ˧ne˧ʝi˥s[UNK]ɯ˩dʑo˩ ə˧ʝi˧ʂɯ˥ʝi˩ njɤ˧ ə˧si˧ʈʂ[UNK]ɯ˧dʑo˩ zo˩no˥ hi[UNK]˧ɻæ˥ ʁwɤ˧qo˥ ʈʂ[UNK]ɯ˧ne˧ʝi˥ pi˧kv[UNK]˩
no˧sɯ˩kv̩˩|njɤ˧ɳnjɤ˧ki˧gɤ˩|ʈʂʰɯ˧ne˧ʝi˥|æ˧ʝi˩kʰɯ˩tsʰɯ˩ze˩|pi˧zo˩|ʈʂʰɯ˧ne˧ʝi˥|pi˧kv̩˩tsɯ˩|mv̩˩,no˧sɯ˩kv[UNK]˩ njɤ˧dʑo njɤ˧ki˧bi˩ ʈʂ[UNK]ɯ˧ne˧ʝi˥ æ˧ʝi˩k[UNK]ɯ˩ts[UNK]ɯ˩ze˩ pi˧zo˩ ʈʂ[UNK]ɯ˧ne˧ʝi˥ pi˧kv[UNK]˩tsɯ˩ mv[UNK]˩
zo˩no˥|hĩ˧|le˧ʂɯ˧|ɖɯ˧tɑ˧˥|ʂɯ˧tso˧lɑ˩ɲi˩|ə˧mi˧|le˧ʂɯ˧|njɤ˧|ʂɯ˧tso˧lɑ˩ɲi˩|pi˧|,ə˩ni˩˥ hi[UNK]˧ le˧ʂɯ˧ ɖɯ˧tɑ˧˥ ʂɯ˧tso˩lɑi ə˧mi˧ le˧ʂe˧ njɤ˧ ʂɯ˧tsɯ˩lɑ˩ɲi˩pi˧
li˩ʈʂwæ˧ɻ̍˧pi˥|,li˩ʈʂʂwæ˧ɻ[UNK]˧pi˥
ʐɤ˩mi˩˥|no˩qo˥hɑ̃˩lɑ˩ɲi˩|dʑɯ˩ʁo˩˥|,ʐɤ˩mi˩˥ no˩qo˧hɑ[UNK]˩lɑ˩ɲ˩ dʑɯ˩ʁo˩˥
ʈʂʰɯ˧ɻ̍˩|tɕʰi˩tʰv̩˩tso˥ɲi˩tsɯ˩|ʈʂʰɯ˧ɻ̍˩|zo˧ɖɯ˧ɳɯ˥|tɕʰi˩tʰv̩˩tso˥ɲi˩tsɯ˩|ə˧sɯ˩kv̩˩|bi˧zo˧ʝi˧|pi˧|,ʈʂ[UNK]ɯ˧ tɕ[UNK]i˩t[UNK]v[UNK]˧tso˥ɲi˩tsɯ˩ ʈʂ[UNK]ɯ˧ zo˧ɖɯ˧ɳɯ˥ tɕ[UNK]i˩t[UNK]v[UNK]˩tso˥ɲi˩tsɯ˩ ə˧sɯ˩kv[UNK]˩ bi˧zo˧ʝi˥ pi˧
tʰi˩˥|əəə…əəə…ɑ˩ʁo˧le˧jo˩kv̩˩mæ˩|tʰi˩˥|,t[UNK]i˩˥ ə[UNK]ɑ˩ʁo˧le˧jo˩kv[UNK]˩mæ˩ t[UNK]i˩˥
kʰɤ˧˥|tʰi˧pɤ˥pɤ˩|dʑɯ˩ʁo˩˥|di˩li˩ʁo˩bv̩˥|le˧ɖʐɤ˧le˥po˩tsʰɯ˩|le˧tɕɤ˧˥|le˧tɕɤ˧˥|,k[UNK]ɤ˧ t[UNK]i˧pɤ˥pɤ˩ dʑɯ˩ʁo˩˥ di˩li˩ʁo˩bv[UNK]˥ le˧ɖʐɤ˧le˥po˩ts[UNK]ɯ˩ le˧tɕɤ˧˥ le˧tɕɤ˧˥
tɕi˩hĩ˩ki˥|ʈʂʰɯ˧ne˧ʝi˥|ɖɯ˧ʈv̩˩|ʈʂʰɯ˧hwɤ˧mi˧|ʈʂʰɯ˧ne˧ʝi˥|ɖɯ˧ʈv̩˩|,tɕi˩hi[UNK]˩ki˥ ʈʂ[UNK]ɯ˧ne˧ʝi˥ ɖɯ˧ʈv[UNK]˩ ʈʂ[UNK]o˧hwɤ˧mi˧ ʈʂ[UNK]ɯ˧ne˧ʝi˥ ɖɯ˧ʈv[UNK]˩
hĩ˧mo˩tɕɯ˩di˩ɲi˩|pi˧|dv̩˩pʰæ˧tɕɯ˧|,hi[UNK]˧mo˩tɕɯ˩di˩ɲi˩ pi˧ ɖv[UNK]˩p[UNK]æ˧tɕɯ˥
ə˧mi˧|mv̩˩zo˩˥|ɖɯ˧ɭɯ˧|ə˧mi˧ɖɯ˧jɤ˧˥dʑo˩|bo˩hɑ˧ki˩dʑo˩dʑo˩|,ə˧mi˧ mv[UNK]˩zo˥ ɖɯ˧ɭɯ˧ ə˧mi˧ ɖɯ˧ʝi˥dʑo˩ bo˩hɑ˧ ti˩dʑo˩dʑo˩
ʈʂʰɯ˧hwɤ˧hwɤ˧gv̩˧kv̩˩mv̩˩|,ʈʂ[UNK]ɯ˧ho˩hwɤ˧bo˧kv[UNK]˩mæ˩
əəə…ɑ˩ʁo˧|tɕɯ˧ɲi˥ze˩mæ˩|ɑ˩ʁo˧|le˧tɕɯ˧se˥dʑo˩|tʰi˩˥|ʝi˧lv̩˧kv̩˥ze˩mæ˩|,əə[UNK]ɑ˩ʁo˧tɕɯ˧ɲi˥ze˩mæ˩ ɑ˩ʁo˧ le˧tʑɯ˧se˥dʑo˩ t[UNK]i˩˥ ʝi˧lv[UNK]˧kv[UNK]˥ze˩mæ˩
ʐv̩˧tsʰi˩gv̩˩hɑ̃˩gv̩˩|ɖɯ˧ɲi˥kwɤ˩tɕɯ˩lɑ˩|tʰi˩˥|le˧bv̩˧bv̩˧|,ʐv[UNK]˧ts[UNK]i˩gv[UNK]˩hɑ[UNK]˩gv[UNK]˩ ɖɯ˧ɲi˥kwɤ˩tɕɯ˩lɑ˩ t[UNK]i˩˥ le˧bv[UNK]˧bv[UNK]˥
lo˧ʝi˧|lo˧tʰv̩˧|ɖʐe˧ʂe˧|ɖʐe˧ɖɯ˧|go˩bo˧ʐɤ˩|go˩bo˧dʑɤ˩kʰɯ˩|,lo˧ʝi˧ lo˧t[UNK]v[UNK]˧ ɖʐe˧ʂe˧ ɖʐe˧ɖɯ˧ go˩bo˥ʐɤ˩ go˩bo˥dʑɤ˩k[UNK]ɯ˩
tʰi˩˥|ʈʂʰɯ˧ne˧ʝi˥se˩dʑo˩|tʰi˩˥|tsʰe˩so˩kʰv̩˩gv̩˩ze˥|pi˧|tʰi˩˥|dʑi˧hṽ˧hwæ˩kv̩˩ze˩|,t[UNK]i˩˥ ʈʂ[UNK]ɯ˧ne˧ʝi˥se˩dʑo˩ t[UNK]i˩˥ ts[UNK]e˩so˩k[UNK]v[UNK]˩gv[UNK]˩ze˥ pi˧ t[UNK]i˩˥ dʑi˧hv[UNK][UNK]˧hwæ˩kv[UNK]˩ze˩
əəə…mv̩˧ʁo˥ki˩ɳɯ˩|gɤ˧gɤ˧lɑ˧ɳɯ˧|mɤ˧ki˧hĩ˧hɑ˧dʑo˩|mvgɤ˧lɑ˧ki˧|ki˧mɤ˧ɖo˧|pi˧zo˩|,əə[UNK]mv[UNK]˧˩ʁo˥ki˩ɳɯ˩ ggɤ˧lɑ˧ɳɯ˧ mɤ˧ki˧hi[UNK]˧hɤ˩dʑo˩ mv[UNK]˧gɤ˧lɑ˧ki˧ ki˧mɤ˧ɖo˧ pi˧zo˩
tʰi˧ʈʂʰv̩˧tsɯ˥|mv̩˩|tʰi˧ʈʂʰv̩˧dʑo˥|tʰi˧ʈʂʰv̩˧˥|njɤ˧ə˧mv̩˩ɲi˩|no˧njɤ˧ə˧mv̩˩ɲi˩|pi˧dʑo˩|tʰi˩˥|,t[UNK]i˧ʈʂ[UNK]ɻ[UNK]˧tsɯ˥ mv[UNK]˩ t[UNK]i˧ʈʂ[UNK]ɻɯ˥ dɕo˩ t[UNK]i˧ʈʂwɤ˩ njɤ˧ ə˧mv[UNK]˩ɲi˩ɳɯ˩ njɤ˧ ə˧mv[UNK]˩ɲi˩pi˩dʑo˩ t[UNK]i˩˥
zo˧mv̩˥zo˩|ɖɯ˧v̩˧ki˧ɳɯ˩|dʑi˧hṽ̩˧ɖɯ˧dzi˩|əəə…mv̩˩zɯ˩ni˥mi˩|no˩sɯ˧kv̩˥|ə˧mmm…ə˧mi˧ki˧|dʑi˧hṽ̩˥|ʈʰæ˧qʰwɤ˧|go˧mi˧ki˧|ʈʰæ˧qʰwɤ˧|ə˧mv̩˩ki˩|ʈʰæ˧qʰwɤ˧|,zo˧mv[UNK]˥zo˩ ɖɯ˧v[UNK]˧ki˧ɳɯ˩ dʑi˧hv[UNK][UNK]˥ ɖɯ˧dzi˩ ə[UNK]mv[UNK]˩zɯ˩ni˥mi˩ no˩sɯ˩kv[UNK]˥ ə˧miə˧mi˧ki˧ dʑo˧hv[UNK][UNK]˥ ʈ[UNK]æ˧q[UNK]wɤ˧ go˧mi˧ki˧ ʈ[UNK]æ˧q[UNK]wɤ˧ ə˧mv[UNK]˩ki˩ ʈ[UNK]æ˧q[UNK]wɤ˧
ɲi˩ɳɯ˥|ə˧tso˧dʑɤ˩kv̩˩pi˩hĩ˩|tʰv̩˧kʰwɤ˥dʑo˩|ʈʰææ̃˧|tʰi˧tɕɯ˥|,ɲiɤ˩ɳɯ˥ ə˧tso˧dʑɤ˩kv[UNK]˩pi˩hi[UNK]˩ t[UNK]v[UNK]˧k[UNK]wɤ˩dʑo˩ t[UNK]ææ[UNK]˧ t[UNK]i˧tɕɯ˥
ʐɯ˧po˧jo˥kv̩˩|ŋv̩˩po˩jo˩kv̩˥|pɤ˩jɤ˧po˥jo˩kv̩˩|ʈʂʰɯ˧ne˧ʝi˥|po˧tsʰɯ˧˥|tʰi˩˥|ʈʂʰɯ˧sɯ˩kv̩˩|qo˩ho˧qo˥|wɤ˩˥|le˧wo˥|li˩tʰi˥kʰɯ˩|,ʐɯ˧po˧jo˩kv[UNK]˩ ŋv[UNK]˩po˩jo˩kv[UNK]˥ pɤ˩jɤ˧po˧jo˩kv[UNK]˩ ʈʂ[UNK]ɯ˧ne˧ʝi˥ po˧ts[UNK]ɯ˧˥ t[UNK]i˩˥ ʈʂ[UNK]ɯ˧sɯ˩kv[UNK]˩ qo˩ho˧qo˥ wɤ˩˥ le˧wo˥ li˩t[UNK]i˥k[UNK]ɯ˩
tʰi˩˥|tsɤ˧ʝi˧|pi˧hĩ˧ʈʂʰɯ˧dʑo˩|tʰi˩˥|əəə…njæ˧sɯ˩kv̩˩bv̩˩|ɬi˧ki˥ʈʰæ˩ki˩|tsʰe˩so˩kʰv̩˩hĩ˥ʈʂʰɯ˩dʑo˩|no˧|tʰi˧tɕɯ˥|,t[UNK]i˩˥ tsɤ˧ʝi˧ pi˧hi[UNK]˧ ʈʂ[UNK]ɯ˧dʑo˩ t[UNK]i˩˥ əə[UNK]njæ˧sɯ˩kv[UNK]˩ bv[UNK]˩ ɬi˧ki˥ʈ[UNK]æ˩ki˩ ts[UNK]e˩so˩k[UNK]v[UNK]˩ho˥hi[UNK]˥ ʈʂ[UNK]ɯ˧dʑo˩ no˧˥ t[UNK]i˧tɕɯ˥
wɤ˩˥|ɖɯ˧v̩˧tsʰɯ˩|ɖɯ˧ʂɯ˩ti˩|õ˧ʈʂʰɯ˧ne˧ʝi˥|zo˩|tʰi˩˥|no˩˥|mmm…ɬi˧ki˥ʈʰæ˩ki˩dʑo˩|ʈʂʰɯ˧ne˧ʝi˥kv̩˩mæ˩|,wɤ˩˥ ɖɯ˧v[UNK]˧ts[UNK]ɯ˩ ɖɯ˧ʂɯ˩ti˩ o[UNK]˧ʈʂ[UNK]ɯ˧ne˧ʝi˥zo˩ t[UNK]i˩˥ no˧˥ m[UNK]k[UNK]i˧ki˧ʈ[UNK]æ˩tɕi˩dʑo˩ ʈʂ[UNK]ɯ˧ne˧ʝi˥kv[UNK]˩mæ˩
əəə|tʰi˩˥|hĩ˧ɻæ˥|ə˧mi˧ɻæ˩ɳɯ˩|ʈʂʰɯ˧ɻæ˩qo˩|tʰi˧dzi˩|,əə[UNK]t[UNK]i˩˥ hi[UNK]˧ɻæ˥  ə˧mi˧ɻæ˩ɳɯ˩ ʈʂ[UNK]ɯ˧əɑ˩qo˧ t[UNK]i˧dzi˩
le˧ɬi˧ɲi˥ze˩mæ˩|,le˧ɬo˧ɲi˥ze˩mæ˩
mv̩˩pʰæ˧bi˧|kʰi˧|ɖɯ˧pɤ˩tʰi˩di˩|,mv[UNK]˩p[UNK]æ˧bi˧ k[UNK]i˧ ɖɯ˧pɤ˧t[UNK]i˧di˩
ʐæ˩˥|dʑo˩|ə˧mi˧ʈʰæ˧kv̩˥|lɑ˧dʑo˧|ə˧dɑ˥ʈʰæ˩kv̩˩|no˧|ɖwæ˩mɤ˧zo˧|,ʐæ˩˥ dʑo˩ ə˧mi˧ʈ[UNK]æ˧kv[UNK]˥ lɑ˧dʑo˧ ə˧dɑ˥ʈ[UNK]æ˩˧kv[UNK]˩ no˧ ɖwæ˩mɤ˧zo˧
tʰv̩˧|le˧ʈʂʰv̩˩pi˩|əəə…dzi˧dzi˧ʈʰæ˧qo˩di˩hĩ˩ɖʐɤ˩kv̩˩mv̩˩|,t[UNK]v[UNK]˧ le˧ʈʂ[UNK]v[UNK]˩ pi˧ ə[UNK]dʑɯ˧dzɯ˧ʈ[UNK]æ˧qo˩di˩hi[UNK]˩ ɖʐɤ˩kv[UNK]˩˥mæ˩
nɑ˩tsʰi˩˥|əəə…nɑ˩tsʰi˩tɕʰɤ˩pɤ˩mi˥dʑɯ˩lɑ˩|qv̩˧ɻ̍˧ʈʂʰæ˧nɑ˥pi˩hĩ˩ʈʂʰɯ˩|tʰv̩˧qo˧ɳɯ˧|tʰv̩˧neʝi˥|le˧tsʰɯ˩kwɤ˩tɕɯ˩lɑ˩|tʰi˩˥|ʈʂʰæ˧nɑ˥pi˩hĩ˩tʰv̩˩|ʁɑ˩ʂɯ˧|ʈʂʰæ˧˥|ɖɯ˧pʰo˧˥|tʰi˧ʈʰi˧˥|tʰi˩˥|dʑɯ˩ʈʂʰɯ˥|dʑɤ˩ʈʂɤ˧ɲi˥tsɯ˩|mv̩˩|ə˧ʝi˧ʂɯ˥ʝi˩|,nɑ˩ts[UNK]i˩˥ ə[UNK]nɑ˩ts[UNK]i˩˥tɕ[UNK]ɤ˩pɤ˩mi˥dzʑi˩lɑ˩ qv[UNK]˧ɻ[UNK]˧ʈʂ[UNK]æ˧nɑ˥ pi˩hi[UNK]˩t[UNK]v[UNK]˩ ʈʂ[UNK]ɯ˧qo˧ɳɯ˧ ʈʂ[UNK]ɯ˧ne˧ʝi˥ ˧ts[UNK]ɯ˩kwɤ˩tɕɯ˩lɑ˩ t[UNK]i˩˥ ʈʂ[UNK]æ˧nɑ˥pi˩hi[UNK]˩ʈʂ[UNK]ɯ˩ʁɑ˩ʂɯ˩ ʈʂ[UNK]æ˧˥ ɖɯ˧p[UNK]o˧t[UNK]i˧ʈ[UNK]i˥ t[UNK]i˩˥ dʑɯ˩ʈʂ[UNK]ɯ˥ dʑɤ˩ʈʂɤ˧ɲi˥tsɯ˩ mv[UNK]˩ ə˧ʝi˧ʂɯ˥ʝi˩
hɑ˧ʐwɤ˩dʑo˩|tʰi˩˥|ɖɯ˧ʑi˩ɻ̍˩dʑo˩|hĩ˧ʈʂʰɯ˧|əəə…ə˧dɑ˧ə˧mi˧ɲi˥kv̩˩|zo˧mv̩˥|dʑɤ˩so˧ɭɯ˩dʑo˩tsɯ˩|mv̩˩|,hɑ˧ʐwɤ˩ dʑo˩ t[UNK]i˩˥ ɖɯ˧ʑi˩ɻ[UNK]˩dʑo˩ hi[UNK]˧ʈʂ[UNK]ɯ˧ əə[UNK]ə˧dɑ˧ə˧mi˧ɲi˥kv[UNK]˩ zo˧mv[UNK]˥ dʑɤ˩so˧ɭɯ˧dʑo˩tsɯ˩ mv[UNK]˩
njɤ˧ɻ̍˩|tsɤ˧ze˧|qɑ˩qɑ˧bi˧|pi˧|,njɤ˧ɻ[UNK]˩ tsɤ˧ze˥ qɑ˩qɑ˧bi˧ pi˧
ɖɯ˧kʰwɤ˧mv̩˥tɕo˩kʰv̩˩|ɖɯ˧kʰwɤ˧dʑo˧|ɖɯ˧kʰwɤ˧mv̩˥tɕo˩kʰv̩˩|ɖɯ˧kʰwɤ˧dʑo˧dʑo˩|tʰi˩˥|mv̩˧ʁo˧hĩ˧|ɖɯ˩hĩ˩tʰv̩˥tɕi˩ɳɯ˩|le˧sɯ˥|tʰi˩˥|le˧sɯ˥dʑo˩|tʰi˩˥|dze˧ɭɯ˧ki˧ɲi˥tsɯ˩|mv̩˩|,ɖɯ˧k[UNK]wɤ˧mv[UNK]˥tɕ[UNK]o˩k[UNK]v[UNK]˩ ɖɯ˧k[UNK]wɤ˧ɖʑo˩ ɖɯ˧k[UNK]wɤ˧mv[UNK]˥tɕo˩k[UNK]v[UNK]˩ ɖɯ˧k[UNK]wɤ˧dʑo˩dʑo˩ t[UNK]i˩˥ mv[UNK]˧ʁo˧hi[UNK]˧ ɖɯ˩hi[UNK]˩tɕ[UNK]o˥ɳɯ˩ le˧sɯ˥ t[UNK]i˩˥ le˧sɯ˧dʑo˥ t[UNK]i˩˥ dze˧ɭɯ˧ki˧ɲi˥tsɯ˩ mv[UNK]˩
tʰi˩˥|zo˩no˥|hĩ˧mo˥hĩ˩|ʈʂʰɯ˧ne˧ʝi˥|pi˧kv̩˩mæ˩|mɤ˧dɑ˩|ə˧pɤ˧ɖɯ˩ɳɯ˩|le˧pi˧ɲi˥|qʰv̩˩tsʰi˧kʰv̩˥gv̩˩dʑo˩|tsʰi˧si˩dʑɤ˩pv̩˩|ɖʐe˧lɑ˧ʝi˥ze˩|zo˩no˥|no˧sɯ˩kv̩˩|ɖʐe˧mɤ˧ʝi˩|pi˧kv̩˩mæ˩|njɤ˧hĩ˧mo˥ɻæ˩ɳɯ˩|,t[UNK]i˩˥ zo˩no˥ hi[UNK]˧mo˥hɻ[UNK]˩ pi˧k[UNK]˩ mɤ˧dɑ˩ ə˧pɤ˥ɖɯ˩ɳɯ˩ le˧ti˧ɲi˥ q[UNK]v[UNK]˩ts[UNK]i˧k[UNK]ɯ˥gv[UNK]˩dʑo˩ si˧sɯ˩ dʑɤ˩pv[UNK]˩ dʑɯ˧ hi[UNK]˧lɑ˧ʝi˥ze˩ zo˩no˥ no˧sɯ˩kv[UNK]˩ɖʐɤ˩mɤ˩ʝi˩ pi˧kv[UNK]˩mæ˩ njæ˧ hi[UNK]˧mo˥ɻæ˩ɳɯ˩
ə˧ʝi˧tsʰi˧ʝi˧dʑo˩|nɑ˩dʑi˧hṽ̩˧|mɤ˧mv̩˧ze˧|,ə˧ʝi˧ts[UNK]i˧ʝi˧dʑo˩ nɑ˩dʑo˥hv[UNK] mɤ˧mv[UNK]˩ze˧
kʰv̩˩mi˩ɳɯ˥|ɖɯ˧tsʰo˧ɳɯ˧|ʈʂʰɯ˧|ɑ˩ʁo˧hɯ˧dʑo˥|tse˩ʈʂʰv̩˩kʰv̩˥|no˧|mv̩˩tɕo˧se˧|pi˧tsɯ˩|mv̩˩|tʰi˩˥|,k[UNK]v[UNK]˩mi˩ɳɯ˥ ɖɯ˧ts[UNK]o˧ɳɯ˧ ʈʂ[UNK]ɯ˧ ɑ˩ʁo˧hɯ˥dʑo˩ tse˩ʈʂ[UNK]ɯ˩k[UNK]v[UNK]˥ no˧ mv[UNK]˩tɕo˧se˥ pi˧tsɯ˩ mv[UNK]˩t[UNK]i˩˥
ʈʂʰɯ˧ne˧ʝi˥|le˧tɕɯ˧ɭɯ˧|le˧tɕɯ˧ɭɯ˧|ʈʂʰɯ˧ne˧ʝi˥|le˧jɤ˩|,ʈʂ[UNK]ɯ˧ne˧ʝi˥ le˧tɕɯ˧˥le˧ ts[UNK]ɯ˧hi[UNK]˥ le˧ʝi˩
kʰv̩˧mæ˥ʂæ˩ɖɯ˩kʰv̩˩dʑo˩|hõ˧ɬi˧mi˧|gv̩˩ɬi˩mi˩qo˥|mo˧ʈʂʰɯ˥|ɖɯ˧pi˧˥|dʑo˧kv̩˧˥|mv̩˩|,k[UNK]v[UNK]˧mæ˥ʂæ˩ɖɯ˩k[UNK]v[UNK]˩˥ dʑo˩ ho[UNK]˧ɬi˧mi˧ gv[UNK]˩ɬi˩mi˩qo˥ mo˧ʈʂ[UNK]ɯ˥ ɖɯ˧pi˧˥ dʑo˩kv[UNK]˧˥ mæ˩
ʈʂʰɯ˧sɬi˧di˩di˩mi˩qo˩dʑo˩|ʈʂʰɯ˧so˧ɭɯ˧|ɖwæ˧˥|ɖɯ˩ʈʂɤ˩kv̩˥mæ˩|,ts[UNK]e˧ʂɬi˧di˩di˩mi˩qo˩dʑo˩ ʈʂ[UNK]ɯ˧ so˧ɭɯ˧ ɖwæ˧˥ ɖɯ˧ʈʂɤ˧kv[UNK]˥ mæ˩
əəə…õ˧ʈʂʰɯ˧ne˧ʝi˥zo˩|kʰɤ˧qo˥ɳɯ˩|ɖɯ˧kʰɤ˧ɖɯ˥kʰɤ˩le˩kʰɯ˩kʰɯ˩|,əə[UNK] o[UNK]˧ʈʂ[UNK]ɯ˧ne˧ʝi˥zo˩ k[UNK]ɤ˧qo˥ɳɯ˩ ɖɯ˧k[UNK]ɤ˧ɖɯ˥k[UNK]ɤ˩le˩k[UNK]ɯ˩k[UNK]ɯ˩
njɤ˧mv̩˩|no˧|ə˧ʑi˧lɑ˥|ə˧pʰv̩˧ki˧|lebi˩tsæ˩ɲi˩|ɖwæ˩mɤ˧zo˧wɤ˧|pi˧ni˩zo˩|,njɤ˧mv[UNK]˩ no˧ ə˧ʑi˧lɑ˥ ə˧p[UNK]v[UNK]˧ki˧ le˧bi˩ts[UNK]ɯ˩hi[UNK]˩ ɖwæ˩mɤ˧zo˧ pi˧ni˩ ə˧zo˩
dʑi˧mi˧|gv̩˧wo˥pi˩kv̩˩mæ˩|,dʑi˧mi˧gv[UNK]˧wo˥ pi˧kv[UNK]˩mæ˩
tʰi˩˥|nɑ˩bɤ˧ʁɑ˧ɭɯ˧|tʰv̩˧qo˧ɳɯ˧dʑo˥|ə˩gi˩|mmm…zo˧mv̩˧˥|le˧pɤ˥pɤ˩|po˧bi˥|,t[UNK]i˩˥ nɑ˩bɤ˧ ʁɑ˧ɭɯ˧ t[UNK]i˧qo˧ɳɯ˧dʑo˥ ə˩gi˩ m[UNK]zo˧mv[UNK]˥ le˧pɤ˧ pɤ˩ po˩bi˥
bo˩ʈʂʰæ˧ɖɯ˧ɭɯ˧|ʈʂʰɯ˧dʑəəə…ʈʂʰɯ˧|ɖɯ˧ʈæ˧bɤ˧ki˧ki˩lɑ˩lv̩˩kv̩˩|,bo˩ʈʂ[UNK]æ˧ ɖɯ˧ɭɯ˧ ʈʂ[UNK]ɯ˧zeə[UNK] ʈʂ[UNK]ɯ˧ ʈæ˧bɤ˧ki˧ki˩lɑ˩ɭvɯ[UNK]˩kv[UNK]˩
ə˧ʝi˧ʂɯ˥ʝi˩pi˩hĩ˩tɕɤ|gɤ˩ʈʂʰɯ˧qo˧|pi˧|wɤ˩˥|njɤ˧|ə˧si˧ɳɯ˧|lo˧ɲi˥|ʈʂʰɯ˧ne˧ʝi˥|mæ˧kv̩˧˥|mv̩˩,ə˧ʝi˧ʂɯ˥ʝi˩ pi˧h[UNK]˩ tɕo˩ gɤ˩ ʈʂ[UNK]ɯ˧qo˩pi˩ wɤ˩˥ njɤ˧ ə˧si˧nv[UNK]˧lo˧ɲi˥ ʈʂ[UNK]ɯ˧ne˧ʝi˥ mɤ˧kv[UNK]˥mæ˩
zo˩no˥|əəə…zo˩no˥|ə˧ʝi˧tsʰi˧ʝi˧|tje˩ʂɯ˧qo˥gɤ˩|mv̩˧ni˧˥|hæ̃˩bɑ˥lɑ˩|ʂæ˧tsɯ˧tʰv̩˧ʁo˥|,zo˩no˥ ʈni˧ zo˩no˥ ə˧ʝi˧ts[UNK]i˧ʝi˧ t[UNK]i˩˥ ʈʂ[UNK]ɯ˧qo˧gɤ˩ mv[UNK]˩ni˩˥ hæ[UNK]˧bɑ˧lɑ˩ ʂæ˩tsɯ˩t[UNK]v[UNK]˩ʁo˩
tʰi˩˥|ʈʂʰɯ˧gi˧se˥dʑo˩|tʰi˩˥|go˧mi˧ʈʂʰɯ˧|le˧ʂɯ˧|ɑ̃,t[UNK]i˩˥ ʈʂ[UNK]ɯ˧ gi˧se˥dʑo˩ t[UNK]i˩˥ go˧mi˧ʈʂ[UNK]ɯ˧ le˧ʂɯ˧ o[UNK]˧
no˧|ʈʂʰɯ˧bæ˧ʝi˧|njɤ˧|ʈʂʰɯ˧bæ˧ʝi˧|pi˧|hĩ˧ʈʂʰɯ˧|ɖɯ˧ʁwɤ˧|ɖɯ˧ki˧dzi˧˥|hɑ˧ɖɯ˧v̩˧|tʰi˧tɕɤ˩|,no˧ ʈʂ[UNK]ɯ˧bæ˧ʝi˧ njɤ˧ ʈʂ[UNK]ɯ˧pæ˧ʝi˧ pi˧ hi[UNK]˧ʈʂ[UNK]ɯ˧ ɖɯ˧ʁwɤ˥ ɖɯ˧ki˧dzi˧˥ hɑ˧ ɖɯ˧lv[UNK]˧ t[UNK]i˩tɕɤ˩
tʰi˩˥|njɤ˧ɻ̍˩ɳɯ˩|hĩ˧ʂɯ˧pi˧dʑo˩|tʰi˩˥|go˧mi˧|hĩ˧ki˧ki˩|pi˧dʑo˩|tʰi˩˥|njæ˧sɯ˩kv̩˩|bo˩ʈʂʰæ˧|po˧mɤ˥kv̩˩mæ˩|,t[UNK]i˩˥ə[UNK]njɤ˧ɻ[UNK]˩ɳɯ˩ hi[UNK]˧ʂe˧ pi˧dʑo˩ t[UNK]i˩˥ go˧mi˧ hi[UNK]˧ki˧ki˩ pi˧dʑo˩ t[UNK]i˩˥ njæ˧sɯ˩kv[UNK]˩ bo˩ʈʂ[UNK]æ˧ po˧mɤ˥kv[UNK]˩mæ˩
əəə…se˧pʰɤ˧mɤ˧ɖo˧pi˥|zo˩no˥|,əə[UNK]se˧p[UNK]wɤ˧mɤ˧ɖo˧pi˧ zo˩no˧
hĩ˧ɖɯ˧ʑi˩ɳɯ˩|hĩ˧ɖɯ˧v̩˧jo˧|,hi[UNK]˧ ɖɯ˧ʑi˩ɳɯ˩ hi[UNK]˧ ɖɯ˧v[UNK]˧jo˧
õ˧˥|ʈʂʰɯ˧ʁo˥lɑ˩dʑo˩kv̩˩ɲi˩wɤ˩|,o[UNK]˧ʈʂ[UNK]ɯ˧ʁo˥lɑ˩dʑo˩kv[UNK]˩mv˩
so˩kʰv̩˩hĩ˥ʈʂʰɯ˩dʑo˩|kʰv̩˧kʰv̩˧ʂɯ˥ʁɑ˩bi˩zo˩kv̩˩mæ˩|ʈʂʰɯ˧v̩˧ki˧|,so˩k[UNK]v[UNK]˩hi[UNK]˥ʈʂ[UNK]ɯ˧dʑo˩ k[UNK]v[UNK]˧q[UNK]v[UNK]˧ʂɯ˥ʁɑ˩bi˩zo˩kv[UNK]˩mæ˩ ʈʂ[UNK]ɯ˧v[UNK]˧ki˧
ə˧v̩˧˥|zo˩no˥|ɖɯ˧t|ʐv̩˩kv̩˩˥|le˧ʂɯ˧|,ə˧v[UNK]˧˥ zo˩no˥ ɖɯ˧tɑ˩ ʐv[UNK]˩kv[UNK]˩˥ le˧ʂɯ˧
tʰi˩˥|ɑ˩ʁo˧|ʑi˧mi˧ɖɯ˧ɭɯ˧hĩ˧ʈʂʰɯ˧dʑo˩|tʰi˩˥|ʈʂʰɯʈʂʰɯ˧ne˧gv̩˧ɲi˥mæ˩|,t[UNK]i˩˥ ɑ˩ʁo˧ ʑi˧mi˧ɖɯ˧ɭɯ˧hi[UNK]˧ʈʂ[UNK]ɯ˧dʑo˩ t[UNK]i˩˥ ʈʂ[UNK]ɯ˧ ʈʂ[UNK]ɯ˧ne˧gv[UNK]˧ɲize˩mæ˩
ʈæ˧bɤ˧ʈʂʰɯ˧|,ʈæ˧bɤ˧ʈʂ[UNK]ɯ˧
ʈʂʰɯ˧dʑo˩|æ˧ʂæ˧|nɑ˩bv̩˥|zo˩no˥|ɖɯ˩lo˧ɲi˥mæ˩|,ʈʂ[UNK]ɯ˧dʑo˩ æ˧ʂæ˧ nɑ˩bv[UNK]˩˥ zo˩no˥ ɖɯ˩lo˧ɲi˥mæ˩
ĩ˧|so˧|ɖɯ˧æ˩tʰi˩qæ˩|,ə[UNK]so˧ ɖɯ˧æ˩t[UNK]i˩qæ˩
tʰi˩˥|ʈʂʰɯ˧ne˧ʝi˥dʑo˩|tʰi˩˥|ɖɯ˧ɲi˧ɻ̍˧dʑo˩|mv̩˩lɑ˥|zo˩no˥|mv̩˩ʈʂʰɯ˥|zo˩no˥|ɖɯ˧di˩ki˩ɲi˩tsɯ˩|mv̩˩|,t[UNK]i˩˥ ʈʂ[UNK]ɯ˧ne˧ʝi˥dʑo˩ t[UNK]i˩˥ ɖɯ˧ɲi˥ɻ[UNK]˩dʑo˩ mv[UNK]˩lɑ˥ zo˩no˥ mv[UNK]˩ʈʂ[UNK]ɯ˥ zo˩no˥ ɖɯ˧di˩ki˩ɲi˩tsɯ˩ mv[UNK]˩
ə˧mv̩˧ɳɯ˥|ʈʂʰɯ˧ne˧ʝi˥|pi˧ɲi˥tsɯ˩|mv̩˩,ə˧mv[UNK]˧ɳɯ˥ ʈʂ[UNK]ɯ˧ne˧ʝi˥ pi˧ɲi˥tsɯ˩ mv[UNK]˩
əəə…bv̩˧ʐv̩˧ʝi˧|æ̃˩so˥kʰv̩˩pi˩|mv̩˧bv̩˧mv̩˧gv̩˧ʑi˧˥|hwɤ˧so˧kʰv̩˥|pi˧|,əə[UNK]bv[UNK]˧ʐv[UNK]˧ʝi˧ æ[UNK]˩so˧k[UNK]v[UNK]˩pi˩ mv[UNK]˧bv[UNK]˧ mv[UNK]˧gv[UNK]˧ʑi˥ hwɤ˩˥ so˧k[UNK]v[UNK]˥ pi˩
tsʰæ˧pʰv̩˧˥|dʑo˩|dʑo˧mɤ˧kv̩˧˥|ə˧ʝi˧ʂɯ˥ʝi˩|v̩˩tsʰɤ˧tsʰɑ˧nɑ˥|,ts[UNK]æ˧p[UNK]v[UNK]˥dʑo˩ dʑo˧mɤ˧kv[UNK]˧˥ ə˧ʝi˧ʂɯ˥ʝi˩ v[UNK]˩ts[UNK]ɤ˧ts[UNK]ɤ˧nɑ˥
tɕɤ˧qʰɑ˧mo˩|kʰwɤ˧pʰv̩˧mo˧pi˥hĩ˩tʰv̩˩|kʰwɤ˧pʰv̩˧lɑ˧tɕɤ˧qʰɑ˧|tʰi˧di˥hĩ˩tʰv̩˩qo˩dʑo˩|mo˧ʈʂʰɯ˥|ɖɯ˧ʈɻ̍˩ɖɯ˩ʈɻ̍˩|ʈʂʰɯ˧ne˧ʝi˥|tʰi˧di˩kv̩˩mv̩˩|,tɕɤ˧q[UNK]ɑ˧mo˩ k[UNK]wɤ˧p[UNK]v[UNK]˧mo˧pi˥hi[UNK]˩ t[UNK]v[UNK]˩ k[UNK]wɤ˧p[UNK]v[UNK]˧lɑ˧tɕɤ˩q[UNK]ɑ˩t[UNK]i˧di˥hi[UNK]˩t[UNK]v[UNK]˧qo˧dʑo˧ mo˧ʈʂ[UNK]ɯ˥ ɖɯ˧ʈv[UNK]˩ɖʐv[UNK]˩ʈʂv[UNK]˩zo˩ ʈʂ[UNK]ɯ˧ne˧ʝi˥t[UNK]i˧di˩kv[UNK]˩mæ˩
ɖwæ˧˥|so˩kv̩˩˥|,ɖwæ˧˥ so˩kv[UNK]˩˥
ʑi˧ʁæ˧dzi˧˥|ʑi˧ʁæ˧dzi˧pi˥|zo˩no˧ne˩ʝi˩zo˩|əəə…tʰɑ˧v̩˥|tʰææ̃˧mɤ˧di˥|,ʑi˧ʁæ˧dʑɯ˥ ʑi˧ʁæ˧dzɯ˧ pi˧ zo˩no˧ni˩zo˩ əə[UNK]t[UNK]ɑ˩v[UNK][UNK]˥ ʈ[UNK]ææ[UNK]˧ mɤ˧di˥
ɖɯ˧v̩˧|ɖɯ˧ɭɯ˧hwæ˥|le˧po˧jo˥kv̩˩mæ˩|,ɖɯ˧v[UNK]˧ɖɯ˧ɭɯ˧ hwæ˥ le˧po˧jo˥kv[UNK]˩mæ˩
tʰi˩˥|ə˧ʝi˧ʂɯ˥ʝi˩|se˧kʰɯ˩|ʁo˧ni˥|ʁo˧qʰwɤ˩ʂæ˩hĩ˩|,t[UNK]i˩˥ ə˧ʝi˧ʂɯ˥ʝi˩ se˧k[UNK]ɯ˩ ʁo˧ni˥ ʁo˧q[UNK]wɤ˩˩ʂæ˩ɲi˩
hæ˧so˩zo˩|ɖɯ˧ɬi˧mi˧|ɲi˧ɬi˧mi˧qo˧tʰv̩˧dʑo˥|dʑɯ˩ʁo˩˥|qʰwæ˩kɤ˩˥|qʰwæ˩kɤ˩ʈʂʰɯ˥|le˧hæ̃˧le˥po˩jo˩|mmm…v̩˩tsʰɤ˧lv̩˧bv̩˧|le˧gv̩˩|,hæ˧so˩zo˩ ɖɯ˧ɬi˧mi˧ ɲi˧ɬi˧mi˧qo˧t[UNK]v[UNK]˧dʑo˥ dʑɯ˩ʁo˩˥ q[UNK]wæ˩kɤ˩˥ q[UNK]wæ˩kɤ˩ʈʂ[UNK]ɯ˥ le˧hæ[UNK]˧le˥po˩jo˩ mm[UNK]v[UNK]˩ts[UNK]ɤ˧˥ lv[UNK]˧bv[UNK]˧ le˧gv[UNK]˩
ʑi˧mi˧tɕʰo˧kʰi˥ɲi˩|pi˧kv̩˩mæ˩|,ʑi˧mi˧tɕ[UNK]o˧k[UNK]i˥ɲi˩ pi˧kv[UNK]˩mæ˩
wɤ˩˥|sɑ˧|le˧ɲi˩|le˧ɲi˩|le˧ɲi˩|tʰi˩˥|ɣɯ˧|le˧dɑ˩|le˧dɑ˩|ho˧di˧tɕʰi˧bi˧kv̩˧˥|mæ˩|,wɤ˩˥ sɑ˧ le˧ɲi˩ le˧ɲi˩ le˧ɲi˩ t[UNK]i˩˥ ɣɯ˧ le˧dɑ˩˥ le˧dɑ˩ ho˧di˧tɕ[UNK]i˧bi˧kv[UNK]˧˥ mæ˩
zo˩no˥|ʈæ˧bɤ˧ki˥lɑ˩qʰæ˩ze˩|,zo˩no˥ ʈæ˧bɤ˧ki˥lɑ˩q[UNK]æ˩ze˩
wɤ˩˥|tʰi˧tɕɯ˥kv̩˩ze˩mæ˩|ʝi˧le˧lv̩˩|tʰi˧tɕɯ˥|,wɤ˩˥ t[UNK]i˧tɕɯ˥kv[UNK]˩ze˩mæ˩ ʝi˧ le˧lv[UNK]˩ t[UNK]i˧tɕɯ˥
æ˧ʂæ˧tɑ˩mv̩˩|ʈʂʰɯ˧ne˧ʝi˥|pi˧kv̩˩mæ˩|ɑ˩ʁo˧|mv̩˩zo˩ɻæ˩ɳɯ˥|le˧ʈʂæ˧|gɤ˩mɤ˧ʈi˩|,æ˧ʂæ˧tɑ˩mv[UNK]˩ ʈʂ[UNK]ɯ˧ne˧ʝi˥ pi˧kv[UNK]˩mæ˩ ɑ˩ʁo˧ mv[UNK]˩zo˩ɻæɳɯ˥ le˧ʈʂæ˧kɤ˧wɤ˥
gv̩˩pʰæ˩˥|ɲi˧tv̩˧pʰæ˧˥|so˧tv̩˧pʰæ˧˥|õ˧ʈʂʰɯ˧ne˧ʝi˥|le˧dɑ˧˥|dʑɯ˩ʁo˩˥|tʰi˧tɕɯ˥dʑo˩|tʰi˩˥|le˧po˧tsʰɯ˧˥|dʑo˩|tʰi˩˥|gv̩˩pʰæ˩˥|le˧|ɖɯ˧tv̩˧|ɲi˧tv̩˧|le˧po˧tsʰɯ˧˥|ɑ˩ʁo˧|mmm…tʰi˩˥|tʰi˧tɕɯ˥|,gv[UNK]˩p[UNK]æ˩˥ ɲi˧tv[UNK]˧p[UNK]æ˧˥ so˧tv[UNK]˧p[UNK]æ˧˥ o[UNK]˧ʈʂ[UNK]ɯ˧ne˧ʝi˥ le˧dɑ˧ dʑɯ˧ʁo˩˥ t[UNK]i˧tɕɯ˥dʑo˩ t[UNK]i˩˥ le˧po˧ts[UNK]ɯ˧˥ dʑo˩ t[UNK]i˩˥ gv[UNK]˩p[UNK]æ˧ le˧ɖɯ˧tv[UNK]˧ɲi˧tv[UNK]˧ le˧po˧ts[UNK]ɯ˧˥ ɑ˩ʁo˧ mm[UNK]t[UNK]i˩˥ t[UNK]i˧tɕɯ˥
ə˧lɑ˧ʁwɤ˧dzi˩kʰɯ˩dʑo˩|tʰi˩˥|mmm…sɯ˧pʰi˧|ə˧tso˧mɤ˧ɲi˩|sɯ˧pʰi˧ɳɯ˧|ə˧lɑ˧ʁwɤ˧dzi˩kʰɯ˩|tʰi˩˥|sɯ˧pʰi˧lo˧ʝi˧|,ə˧lɑ˧ʁwɤ˧ dzɯ˩˧k[UNK]ɯ˩dʑo˩ t[UNK]i˩˥ mm[UNK]sɯ˧p[UNK]i˧ ə˧tso˧mɤ˧ɲi˩ sɯ˧p[UNK]i˧ɳɯ˧ ə˧lɑ˧wɤ˩dzi˩k[UNK]ɯ˩ t[UNK]i˩˥ sɯ˧p[UNK]i˧lo˧ʝi˧
tʰi˩˥|õ˧bv̩˥õ˩|ɖʐo˧|qæ˧do˧tʰi˥di˩hĩ˩|tʰv̩˧kʰwɤ˧gɤ˥ʑi˩|,t[UNK]i˩˥ o[UNK]˧bv[UNK]˥o[UNK]˩ ɖʐo˧ qæ˧do˧ t[UNK]i˧di˩hi[UNK]˩ʈʂ[UNK]ɯ˧k[UNK]wɤ˧ gɤ˧ʑi˩
tʰi˩˥|kv̩˧|ʈʂʰɯ˧dʑo˩|mo˧bv̩˥|zo˩no˥|ʈʂʰæ˧ɣɯ˧ɲi˥|pi˧zo˩|ə˩gi˩|,t[UNK]i˩˥ kv[UNK]˧ʈʂ[UNK]ɯ˧dʑo˩ mo˧bv[UNK]˧ zo˩no˥ ʈʂ[UNK]æ˧ɣɯ˧ɲi˥ pi˧zo˩ ə˩gi˩
ʐo˩dzɯ˩˥|wɤ˩˥|ʐwæ˧tɕi˥|le˧pʰv̩˧˥|wɤ˩˥|ɖɯ˧ʂɯ˩dzɯ˩|wɤ˩˥|ʐwæ˧|ɖɯ˧lv̩˧˥|wɤ˩˥|ɖɯ˧ʂɯ˩ʈʂæ˩|,ʐo˩dzɯ˩˥ wɤ˩˥ ʐwæ˧tɕɯ˥ le˧p[UNK]v[UNK]˧˥ wɤ˩˥ ɖɯ˧ʂɯ˩dzɯ˩ wɤ˩˥ ʐwæ˧ ɖɯ˧lv[UNK]˧ɭ˥ wɤ˩˥ ɖɯ˧ʂɯ˩ʈʂæ˩
qʰv̩˧˥|dʑo˩|tʰi˩˥|mi˩zɯ˩˥|ɖɯ˧v̩˧dʑo˩tsɯ˩mv̩˩|,q[UNK]v[UNK]˩˥ dʑo˩ t[UNK]i˩˥ mi˩zɯ˥ ɖɯ˧v[UNK]˧dʑo˩tsɯ˩ mv[UNK]˩
tʰi˩˥|ə˧ʝi˧ʂɯ˥ʝi˩dʑo˩|ʝi˧bi˧di˧mɤ˧di˥|,t[UNK]i˩˥ ə˧ʝi˧ʂɯ˥ʝi˩dʑo˩ ʝi˧bi˧di˧mɤ˧di˧
ʈʂʰɯ˧ne˧ʝi˥|ɖɯ˧kʰwɤ˧dʑo˧|gɯ˧ɳɯ˧|qʰæ˧dʑo˧|mɤ˧do˩|ə˩gi˩|,ʈʂ[UNK]ɯ˧ne˧ʝi˥ ɖɯ˧k[UNK]wɤ˧dʑo˧˥ gɤ˧ɳɯ˧ q[UNK]æ˧ti˧˥ mɤ˧do˩ ə˩gi˩
ə˧ʝi˧ʂɯ˥ʝi˩|ho˧di˧mɤ˧ɲi˩|ʂe˧ʈʂe˩|dʑo˧mɤ˧kv̩˧pʰæ˥di˩|ʂe˧ʈʂe˩hwæ˩|le˧po˧jo˥kv̩˩mæ˩|,ə˧ʝi˧ʂɯ˥ʝi˩ ho˧di˧mɤ˧ɲi˩ ʂe˧ʈʂ[UNK]ɯ˩ dʑo˧mɤ˧kv[UNK]˧p[UNK]æ˥di˩ ʂe˧ʈʂe˩ hwæ˩ le˧po˧jo˥kv[UNK]˩mæ˩
ʂe˧pʰæ˩|ɖɯ˧pʰæ˧˥|tʰi˧kʰɯ˧˥|,ʂe˧p[UNK]æ˩ ɖɯ˧p[UNK]æ˧t[UNK]i˥k[UNK]ɯ˩
gv̩˧wo˥,ə˧zɯ˩ɖɯ˩
kʰv̩˩mi˩tʰv̩˩v̩˩ɳɯ˥|hĩ˧|ɖɯ˧v̩˧tsɤ˧ɲi˥ze˩|tʰi˩˥|əəə…zo˩no˥|tsʰe˩so˩kʰv̩˩gv̩˩˥|kwɤ˩tɕɯ˩lɑ˩|hĩ˧|ɖɯ˧v̩˧tsɤ˧ɲi˥ze˩|,k[UNK]v[UNK]˩mi˩ʈʂ[UNK]ɯ˩v[UNK]˧ɳɯ˥ hi[UNK]˧ ɖɯ˧v[UNK]˧tsɤ˧ɲi˥ze˩ t[UNK]i˩˥ əəzo˩no˥ ts[UNK]e˩so˩k[UNK]v[UNK]˩gv[UNK]˩˥ kwɤ˩tɕɯ˩lɑ˩ hi[UNK]˧ɖɯ˧v[UNK]˧tsɤ˧ɲi˥ze˩
tʰi˩˥|ʈʂʰɯ˧|so˧bæ˧hĩ˧|ʈʂʰɯ˧dʑo˩|tsʰe˧ʝi˧dʑo˩|ʑi˧qʰwɤ˧dɑ˧tso˧ɲi˥|pi˧zo˩|gv̩˩ɬi˩mi˩qo˥ɳɯ˩|əəə…ɬi˩bi˩ʈʂʰɯ˥|le˧qwæ˧˥|wɤ˩˥|ɑ˩ʁo˧|lv̩˧qo˧|tʰi˧tv̩˧hĩ˧ʈʂʰɯ˧|gɤ˩qwæ˩˥|,t[UNK]i˩˥ ʈʂ[UNK]ɯ˧so˧bæ˧hi[UNK]˧ʈʂ[UNK]ɯ˧dʑo˩ ts[UNK]e˧ʑi˧q[UNK]wɤ˧dɑ˧tso˧ɲi˥ pi˧zo˩ gv[UNK]˩ɬi˩mi˩qo˥ɳɯ˩ ə[UNK]ɬi˩bi˩ʈʂ[UNK]ɯ˥ le˧qwæ˧˥ wɤ˩˥ ɑ˩ʁo˧ tlv[UNK]˧qo˧ t[UNK]i˧tv[UNK]˧hi[UNK]˧ʈʂ[UNK]ɯ˧ gæ˩qwæ˩˥
se˧kʰɯ˩|ʁo˧ni˥|ʈʂʰɯ˧ne˧ʝi˥|ɖɯ˧bo˩|qʰɑ˧ʂæ˧gv̩˧|ʈʂʰɯ˧ne˧ʝi˥|ɖɯ˧bo˩|,se˧k[UNK]ɯ˩ʁo˩ ɲi˧ ʈʂ[UNK]ɯ˧ne˧ʝi˥ ɖɯ˧bo˩ q[UNK]ɑ˧ʂæ˧gv[UNK]˩ ʂ[UNK]ɯ˧ne˧ʝi˥ ɖɯ˧bo˩
kʰv̩˩mi˩ki˥dʑo˩|tʰi˩˥|pʰv̩˩ɖɯ˩ʝi˥zo˩kv̩˩|hĩ˧hĩ˧zɯ˧zɯ˥lɑ˩|kʰv̩˩zɯ˩zɯ˥pi˩|zo˩no˥|hĩ˧lɑ˩|kʰv̩˧dʑo˩|ɖɯ˧bæ˧lɑ˧ɲi˥|,k[UNK]v[UNK]˩mi˩ki˥dʑo˩ t[UNK]i˩˥ p[UNK]v[UNK]˩ɖɯ˧ʝi˥zo˩kv[UNK]˩ hi[UNK]˧ hi[UNK]˧ zɯ˧zɯ˧lɑ˩ k[UNK]v[UNK]˧zɯ˧zɯ˧pi˧ zo˩no˥ hi[UNK]˧lɑ˩ k[UNK]v[UNK]˧dʑo˥ ɖɯ˧bæ˧lɑ˧ɲi˥
tʰi˩˥|əəə…ə˧mi˧|ɖɯ˧do˩ki˩dʑo˩|tʰi˩˥|wɤ˩˥|ə˧mi˧|le˧tɕʰɯ˧˥|tɕɯ˩hɯ˩zo˩|,t[UNK]i˩˥ ə[UNK]ə˧mi˧ɖɯ˧do˩ɻ˩ko˩dʑo˩ t[UNK]i˩˥ wɤ˩˥ ə˧mi˧ le˧tɕ[UNK]ɯ˧tɕi˩hɯ˩zo˩
ʈʂʰɯ˧ne˧ʝi˥|ʁɑ˩mi˧|ɲi˧zo˧|njɤ˩ɭɯ˧lɑ˧|ʁo˧qʰwɤ˩dʑo˩|tʰi˧di˩zo˩|,ʈʂ[UNK]ɯ˧ne˧ʝi˥ ʁɑ˩mi˧ ɲi˧zo˧ njɤ˩ɭɯ˧lɑ˧ ʁo˧q[UNK]wɤ˩zo˩dʑo˩ t[UNK]i˧di˩zo˩
ɖɯ˧kʰv̩˧˥|ɲi˧kʰv̩˧˥|tsʰe˧kʰv̩˧gv̩˧ɲi˥ze˩mæ˩ə˩gi˩|,ɖɯ˧k[UNK]v[UNK]˩˥ ɲi˩k[UNK]v[UNK]˩˥ ts[UNK]e˩k[UNK]v[UNK]˩gv[UNK]˩ɲi˥ze˩mæ˩ ə˩gi˩
tʰi˩˥|dʑo˩gi˩˥|dʑo˩|tʰi˩˥|hĩ˧ɻæ˥|tʰi˩˥|kə˧mv̩˧˥|tʰi˩˥|ʂɯ˧tse˥|mɤ˧hɯ˧|tʰi˧dzi˩kʰɯ˩tsɯ˩|mv̩˩|,t[UNK]i˩˥ dʑo˩ gɯ˩˥ dʑo˩ t[UNK]i˩˥ hi[UNK]˧ɻæ˥ t[UNK]i˩˥ kə˧mv[UNK]˧˥ t[UNK]i˩˥ ʂɯ˩tzɤ˧˥ mɤ˧hɯ˧ t[UNK]i˧dzi˩k[UNK]ɯ˩tsɯ˩ mv[UNK]˩
njɤ˧|ə˧si˧ɳɯ˧|ʈʂʰɯ˧ne˧ʝi˥|ʐwɤ˩kv̩˩˥|mv̩˩|,njɤ˧ ə˧si˧ɳɯ˧ ʈʂ[UNK]ɯ˧ne˧ʝi˥ ʐwɤ˩kv[UNK]˩˥ mæ˩
ʈʂʰɯ˧ne˧ʝi˥|le˧ʈʂʰo˥|le˧ʈʂʰo˥dʑo˩|tʰi˩˥|əəə…ʁwɤ˧ʁwɤ˧qo˧|njæ˧sɯ˩kv̩˩|bi˧|ɖɯ˧ʑi˩ɳɯ˩|ɖɯ˧v̩˧|bi˧|ʈʰææ̃˧|tʰi˧gəəə…tʰi˧dzi˩|ʈʂʰɯ˧ne˧ʝi˥|ŋv̩˩kv̩˩˥|mæ˩|,ʈʂ[UNK]ɯ˧ne˧ʝi˥ le˧ʈʂ[UNK]o˧˥ le˧ʈʂ[UNK]o˧˥ dʑo˩ t[UNK]i˩˥ əə[UNK]əəə[UNK]ʁwɤ˧qo˧ njæ˧sɯ˩kv[UNK]˩ bi˧ ɖɯ˧ʑi˩ɳɯ˩˩ ɖɯ˧v[UNK]˧ bi˧ ʈ[UNK]ææ[UNK]˧ t[UNK]i˧qoəə[UNK]t[UNK]i˧dzi˩zo˩ ʈʂ[UNK]ɯ˧ne˧ʝi˥ ŋv[UNK]˩kv[UNK]˩˥ mæ˩
lɑ˧tʰɑ˧di˧ɳɯ˥|tʰi˩˥|ə˧lɑ˧ʁwɤ˧dzi˩|,lɑ˧t[UNK]ɑ˧di˧ɳɯ˥ t[UNK]i˩˥ ə˧lɑ˧ʁwɤ˧dzi˩
zo˩no˥|kʰv̩˩mi˩ki˥|pʰv̩˧ɖɯ˧mɤ˧ʝi˥|pi˧dʑo˩|dʑɤ˩mɤ˧kv̩˧pi˥zo˩|,zo˩no˥ k[UNK]v[UNK]˩mi˩ki˥ p[UNK]v[UNK]˧ɖɯ˧mɤ˧ʝi˥ pi˧dʑo˩ dʑɤ˩mɤ˧kv[UNK]˧˥ pi˥zo˩
ʂɯ˧tsʰi˩hõ˩tsʰi˩kʰv̩˩ɖɯ˩bi˩|õ˧bv̩˥õ˩ɲi˩ze˩,ʂɯ˧ts[UNK]i˩ ho[UNK]˧ts[UNK]i˧k[UNK]v[UNK]˩ ɖɯ˧bi˧ o[UNK]˧bv[UNK]˥o[UNK]˩ɲi˩ze˩
əəə…bæ˩bæ˩bæ˥pi˩|tsʰe˧tʰv̩˧kv̩˧hĩ˥|ɖɯ˧ʁo˩dʑo˩dʑo˩|õ˧tʰv̩˧ʁo˥hĩ˩tʰv̩˩|,əə[UNK]bæ˩bæ˩bæ˩˥ pi˧ ts[UNK]e˧tv[UNK]˧kv[UNK]˩hi[UNK]˥ɖɯ˩ʁo˩dʑo˩dʑo˩ o[UNK]˧t[UNK]v[UNK]˧ʁo˥t[UNK]v[UNK]˩ɻ[UNK]
tʰi˩˥|ʈʰæ˧mi˧ɳɯ˩|di˩li˩ʁo˩bv̩˥dʑo˩|le˧tɕɤ˧˥|,t[UNK]i˩˥ ʈ[UNK]ææ[UNK]˧ di˩li˩ʁo˩bv[UNK]˥dʑo˩ le˧tɕɤ˧˥
ʂe˩mo˧ɲi˥pi˩|ɖɯ˧ʁo˩dʑo˩kv̩˩|zo˩no˥|ɖwæ˧˥|pʰv̩˧ɖɯ˧hĩ˥tʰv̩˩ʁo˩dʑo˩|ʂe˩mo˧ɲi˥|pi˧kv̩˩mæ˩|,ʂe˧mo˧ɲi˥pi˩ ɖɯ˩ʁo˩dʑo˩kv[UNK]˩ zo˩no˥ ɖwæ˧˥ p[UNK]v[UNK]˧ɖɯ˧hi[UNK]˥ tv[UNK]˩ʁo˩dʑo˩ ʂe˧mo˧ɲi˥pi˧kv[UNK]˩mæ˩
tʰi˩˥əəə…|õ˧tʰv̩˧əəə…ə˧pʰv̩˧dʑo˧|ə˧pʰv̩˧ɲi˩ze˩mæ˩|ə˩gi˩|njæ˧sɯ˩kv̩˩|ə˧pʰv̩˧|ə˧ʑi˧˥|ə˧pʰv̩˧ɲi˩ze˩mæ˩|tʰv̩˧sɯ˩kv̩˩|zo˧mv̩˥|mɤ˧dʑo˩ɲi˩ze˩mæ˩|,t[UNK]i˩˥əəə[UNK]po˧t[UNK]v[UNK]˧ə[UNK]ə˧p[UNK]v[UNK]˧dʑo˧ ə˧p[UNK]v[UNK]˩ɲi˩ze˩mæ˩ ə˩gi˩ njæ˧sɯ˩kv[UNK]˩ ə˧p[UNK]v[UNK]˩ ə˧ʑi˧ ə˧p[UNK]v[UNK]˧ɲi˩ze˩kv[UNK]˩ zo˧mv[UNK]˥ mɤ˧dʑo˩ɲi˩ze˩mæ˩
li˧hɯ˧dʑo˥|ɲi˧zo˧ʈʂʰɯ˧|qʰɑ˧ɖɯ˧mi˧hĩ˧|ɖɯ˧mi˩|tʰi˧dʑo˩|pi˧tsɯ˩mv̩˩|,li˧hɯ˩dʑo˩ ɲi˧zo˧ʈʂ[UNK]ɯ˧ q[UNK]ɑ˧ɖɯ˧mi˧h˧ɖɯ˧mi˧ t[UNK]i˧dʑo˩ pi˧tsɯ˩ mv[UNK]˩
dʑɤ˩tsʰo˧dʑo˧|ə˧ʝi˧ʂɯ˥ʝi˩mmm…dʑo˩|kɤ˧kɤ˩|tʰi˧dzi˩dʑo˩||,dʑɤ˩ts[UNK]ɯ˧dʑo˧ ə˧ʝi˧ʂɯ˥ʝi˩[UNK]dʑo˩ kɤ˧kɤ˩ t[UNK]i˧dzi˩dʑo˩
jɤ˧ŋɤ˧dʑo˧|ə˧ʝi˧ʂɯ˥ʝi˩|hæ̃˩bɑ˥lɑ˩|,jɤ˧ŋɤ˧dʑo˧ ə˧ʝi˧ʂɯ˥ʝi˩ hæ[UNK]˩bɑ˥lɑ˩
pʰɤ˧bɤ˧|ɖɯ˧tɑ˧˥|le˧po˧˥|tso˧tso˧le˧po˧˥|no˧ɳɯ˧|pi˧ni˧˥|bo˩ʈʂʰæ˥|le˧po˧˥|,p[UNK]wɤ˧bɤ˧ ɖɯ˧tɑ˧˥ le˧po˧˥ tso˧tso˧ le˧po˧˥ no˧ɳɯ˩ pi˧ɳɯ˥ bo˩ʈʂ[UNK]æ˧˥ le˧po˧˥
dʑɯ˩nɑ˩mi˩ʁo˩˥|tʰi˩˥|mo˧˥|ɲi˩ze˧gɤ˧|le˧ɖʐɤ˧˥|tʰi˧dzɯ˥dʑo˩|ʈʂʰɯ˧|mɤ˧sɯ˧ɲi˥|ə˧tso˧ə˧tso˧ɲi˩|mɤ˧sɯ˧ɲi˥|,dʑɯ˩nɑ˩mi˩ʁo˥ t[UNK]i˧ mo˧ʝi˩ze˩gɤ˧ le˧ɖʐɤ˧˥ t[UNK]i˧dzɯ˥dʑo˩ ʈʂ[UNK]ɯ˧ mɤ˧sɯ˧ɲi˥ ə˧tsɯ˧˥ ə˧tso˧ɲi˩ mɤ˧sɯ˥ɲi˩
ʐv̩˩ɬi˩mi˩˥|mv̩˧dze˧mv̩˩|ŋwɤ˩ɬi˩mi˩˥|qʰv̩˧ɬi˧mi˧|dze˧ɭɯ˧mv̩˩ze˩tsɯ˩|mv̩˩,ʐv[UNK]˩ɬi˩mi˥ mv[UNK]˩dzɤ˧mv[UNK]˩ ŋwɤ˩ɬi˩mi˩˥ q[UNK]v[UNK]˧ɬi˧mi˧ dze˧ɭɯ˧mv[UNK]˩ze˩tsɯ˩ mv[UNK]˩
ho˧di˧bi˧|ho˧di˧|əəə…li˩˥|le˧tɕɯ˧po˥|əəə…mɤ˧lɑ˧|li˩˥|le˧tɕɯ˧˥|ho˧di˧tɕʰi˧bi˧kv̩˧˥|mæ˩|ə˧ʝi˧ʂɯ˥ʝi˩|,ho˧di˧bi˧ ho˧di˧ əə[UNK]li˩˥ le˧tɕɯ˧po˥ mɤ˧lɑ˧ li˩˥ le˧tɕɯ˧˥ ho˧ di˧tɕ[UNK]ɤ˧bi˧kv[UNK]˥ mæ˩ ə˧ʝi˧ʂɯ˥ʝi˩
tsʰe˧ɬi˧mi˧qo˩|gv̩˩ɬi˩mi˩qo˥tʰv̩˩|wɤ˩˥|ɕi˧|le˧kʰv̩˥|wɤ˩˥|hɑ˧|le˧lɑ˧˥|,ts[UNK]e˧ɬi˧mi˧qo˩ gv[UNK]˩ɬi˩mi˩qo˥t[UNK]v[UNK]˧ wɤ˩˥ ɕi˧ le˧k[UNK]v[UNK]˧˥ wɤ˩˥ hɑ˧le˧lɑ˧˥
ʈʂʰɯ˧ne˧ʝi˥|le˧ɲi˩|le˧ɲi˩|wɤ˩˥|ʈʂʰɯ˧ne˧ʝi˥|le˧tɕɯ˧ɭɯ˧|wɤ˩˥|ʈʂʰɯ˧ne˧ʝi˥|le˧ɲi˩|le˧ɲi˩|ʈʂʰɯ˧ne˧ʝi˥|le˧tɕɯ˧ɭɯ˧|ʈʂʰɯ˧ne˧ʝi˥|le˧gv̩˩|,ʈʂ[UNK]ɯ˧ne˧ʝi˥ le˧ɲi˩ le˧ɲi˩ wɤ˩˥ ʈʂ[UNK]ɯ˧ne˧ʝi˥ le˧tɕɯ˧le˥ wɤ˩˥ ʈʂ[UNK]ɯ˧ne˧ʝi˥ le˧ɲi˩ le˧ɲi˩ ʈʂ[UNK]ɯ˧ne˧ʝi˥ le˧tɕɯ˧ɭɯ˥ ʈʂ[UNK]ɯ˧ne˧ʝi˥ le˧ɻ[UNK]˥ gv[UNK]˩˥
ʂo˧qo˧tʰʈæ˧bɤ˧dʑɯ˧˥|pi˧|ʂo˧qo˧tʰɑ˩|ɖɯ˩hĩ˩˥|ɲi˧po˩|so˧po˧hwæ˧le˧po˧tsʰɯ˧˥|,ʈʂ[UNK]o˧kwɤ˧tʈæ˧bɤ˧dʑɯ˧ze˧ pi˧ ʂo˧ko˩t[UNK]ɑ˩ ɖɯ˩hi[UNK]˩˥ ɲi˧po˩so˩pɤ˩hɑ˩ le˧po˧ts[UNK]ɯ˧˥
ĩ˧|mi˧tʰv̩˧|le˧w̃æ˧|ʈʂʰɯ˧bv̩˧bv̩˧gv̩˥kv̩˩ɲi˩|,ə˧mi˧t[UNK]v[UNK]˧ le˧ɻæ˧ʈʂ[UNK]ɯ˥ bv[UNK]˧bv[UNK]˧wo˥ki˩ɲi˩
ə˧hwɤ˧|lɑ˧ɳɯ˧|njɤ˧ə˧mɑ˧|le˧ʈʰæ˧ze˥|,ə˧hwɑ˧ lɑ˧ɳɯ˧ɲi˥ ə˧mɑ˧ le˧ʈ[UNK]æ˧ze˩
tʰi˩˥|tʰv̩˧ɲi˥kɯ˩qo˩|le˧ʈʂɤ˧dʑo˥|tʰi˩˥|ə˧mi˧ɻæ˩ɳɯ˩|ɑ˩ʁo˧|ʐɯ˧tɕɤ˧kv̩˥ze˩|,t[UNK]i˩˥ ʈʂ[UNK]ɯ˧ɲi˥kɤ˩qo˩ le˧ʈʂ[UNK]ɯ˧ t[UNK]i˩˥ ə˧mi˧ɻæ˩ ɳæ˩ʁo˥ ʐɯ˧tɕɤ˧kv[UNK]˧ze˩
ə˧ʝi˧ʂɯ˥ʝi˩|nɑ˩ʈʂʰɯ˥dʑo˩|zo˧ɖɯ˥dʑo˩|ʈʂʰwɤ˩tʰv̩˩kv̩˥tsɯ˩|mv̩˩|mv̩˩ɖɯ˩˥|dʑo˩|ʐo˩tʰv̩˩kv̩˥tsɯ˩|mv̩˩,ə˧ʝi˧ʂɯ˥ʝi˩ nɑ˩ʈʂ[UNK]ɯ˥dʑo˩ zo˧ɖɯ˥dʑo˩ ʈʂ[UNK]wɤ˩t[UNK]v[UNK]˩kv[UNK]˥tsɯ˩ mv[UNK]˩ mv[UNK]˩ɖɯ˩ɻ˥dʑo˩ ʐo˩t[UNK]v[UNK]˩kv[UNK]˥tsɯ˩ mv[UNK]˩
ʈʂʰɯ˧ne˧ʝi˥|ʈʂʰɯ˧ne˧hĩ˥|tɑ˧tɑ˧|ʈʂʰɯ˧ne˧ʝi˥|ɖɯ˧kʰwɤ˥lɑ˩tʰv̩˩ɲi˩|ɲi˧ɲi˥|,ʈʂ[UNK]ɯ˧ne˧ʝi˥ ʈʂ[UNK]ɯ˧ne˧ʝi˥ tɑ˧tɑ˧ k[UNK]i˩ne˩ʝ˩˥ ɖɯ˧k[UNK]wɤ˥lɑ˩ t[UNK]v[UNK]˩hi[UNK]˩˥ ɲi˧ɲi˥
go˧mi˧hĩ˧ki˧ki˩dʑo˩|tʰi˩˥|tʰv̩˧ɲi˧dʑo˩|mmm…ə˧mv̩˧˥|dʑo˩|tʰi˩˥|,go˧mi˧ hi[UNK]˧ki˧ki˩dʑo˩ t[UNK]i˩˥ t[UNK]v[UNK]˧ɲi˩dʑo˩ əə[UNK]ə˧mv[UNK]˧˥ dʑo˩ t[UNK]i˩˥
mɤ˧bi˧ze˧|mɤ˧bi˧ze˧|ə˧zɯ˩|le˧wo˧bi˧|ʈʂʰɯ˧|hwɤ˧tɕi˥|le˧ɖʐɤ˧˥|pi˧tsɯ˩|mv̩˩|zo˧ki˧|,mɤ˧bi˧ze˧mɤ˧bi˧ze˧ ə˧zɯ˩ le˧wo˧bi˥ t[UNK]v[UNK]˧hwɤ˩tɕi˥ le˧ɖʐɤ˧˥ pi˧tsɯ˧˩ mv[UNK]zo˩ki˩
zo˩no˥|njɤ˧|ə˧si˧|ʈʂʰɯ˧tɕi˩|ʈʂʰɯ˧ne˧ʝi˥|ʐwɤ˩kv̩˩˥|mæ˩|,zo˩no˥ njɤ˧ ə˧si˧ ə˧t[UNK]˧ʈʂ[UNK]ɯ˧ɳɯ˧ ʈʂ[UNK]ɯ˧ne˧ʝ˥ ʐwɤ˩kv[UNK]˩˥ mæ˩
ɖɯ˧ʁwɤ˧|ʐwæ˧tɕɯ˩zo˩|so˩kv̩˩dʑo˩˥|pi˧dʑo˩|njɤ˧ɻ̍˩ɳɯ˩|le˧tɕɯ˧le˥po˩tsʰɯ˩|pi˧|njɤ˧|ɑ˩ʁo˧|hwæ˧tsʰɯ˩ɲi˩ze˩mæ˩|,ɖɯ˧ʁwɤ˧ ʐwæ˧tɕɯ˩zo˩ so˩kv[UNK]˩dʑo˩˥ pi˧dʑo˩ njɤ˧ɳɯ˧ le˧tɕɯ˧le˥po˩ts[UNK]ɯ˩ pi˧ njɤ˧ wɤ˧˥ hwæ˧ts[UNK]ɯ˩ɲi˩ze˩mæ˩
ə˧mɑ˧|nɑ˩dʑi˧hṽ̩˧|dʑo˧ɲi˥mæ˩|,ə˧mɑ˧ nɑ˩di˥hv[UNK]˧ dʑo˧ɲi˥mæ˩
zo˩no˧|ə˧ʝi˧ʂɯ˥ʝi˩|hĩ˧ɻæ˥|gæ˩pʰæ˧ʑi˧ʁæ˧|ʈʂʰɯ˧dʑo˩|ʝi˧kʰv̩˥dʑo˩|hĩ˧dzi˧kv̩˥mæ˩|,zo˩no˥ ə˧ʝi˧ʂɯ˥ʝi˩ hi[UNK]˧ɻæ˥ gæ˩p[UNK]æ˧ʑi˧ɻæ˧ʈʂ[UNK]ɯ˧dʑo˩ ʝi˧k[UNK]v[UNK]˥dʑo˩wɤ˩ hi[UNK]˧ddzi˧kv[UNK]˥mæ˩
tʰi˩˥|qʰv̩˧kv̩˧dʑo˧˥|dʑo˩|ə˧ʝi˧ʂɯ˥ʝi˩|tʰi˩˥qʰv̩˧kv̩˥|ə˧ʑi˧zo˧ʈʂʰɯ˥|zo˧mv̩˥|mɤ˧dʑo˧ɲi˥|ə˧ʑi˧ɳɯ˥|tʰi˩˥|zo˧mv̩˥|le˧dʑo˩kwɤ˩tɕɯ˩lɑ˩|hĩ˧dʑo˩|qʰv̩˧kv̩˥ɳɯ˩|tʰi˩˥|hĩ˧ʈʂʰɯ˧|ɖɯ˧ɖʐv̩˥|ɖɯ˧ɖʐv̩˥ɳɯ˩|ɲi˧tsi˧qʰv̩˧kv̩˧dʑo˧˥|,t[UNK]i˩˥ q[UNK]v[UNK]˧ko[UNK]˧dʑo˧˥ dʑo˩ ə˧ʝi˧ʂɯ˥ʝi˩ t[UNK]i˧q[UNK]v[UNK]˧kv[UNK]˥ ə˧ʑi˧zo˧ ʈʂ[UNK]ɯ˧ɻ[UNK]˩ɳ zo˧mv[UNK]˥ mɤ˧dʑo˩ njɤ˧ ə˧ʑi˧ɳɯ˥ t[UNK]i˩˥ zo˧mv[UNK]˥ le˧dʑo˩kwɤ˩tɕɯ˩lɑ˩ hi[UNK]˧ʈʂ[UNK]ɯ˧ [UNK]v[UNK]˧ko[UNK]˥ɳɯ˩ t[UNK]i˩˥ hi[UNK]˧ʈʂ[UNK]ɯ˧ ɖɯ˧ɖʐv[UNK]˧ ɖɯ˧ɖʐv[UNK]˧ɳɯ˩ ɲi˧tsi˧q[UNK]ɑ˧kv[UNK]˧dʑo˥
ʈʂʰɯ˧ne˧ʝi˥|tʰi˧qɑ˩|,ʈʂ[UNK]ɯ˧ne˧ʝi˥ t[UNK]i˧qɑ˩
tʰi˩˥|si˧kʰɯ˧li˥nɑ˩|ʈʰɯ˩se˩gɤ˥|njɤ˧ə˧mɑ˧mɤ˧dʑo˩|tʰi˧kwɤ˩kʰɯ˩|pi˧|tʰi˩˥|,t[UNK]i˩˥ si˧k[UNK]ɯ˧li˥nɑ˩ ʈ[UNK]ɯ˩se˩gɤ˩  njɤ˧ə˧mɑ˧mɤ˧dʑo˩ t[UNK]i˧kwɤ˩k[UNK]ɯ˩ pi˧ t[UNK]i˩˥
tsʰi˧qʰæ˧˥|dʑo˩|ʂo˧qo˧tʰɑ˩qʰæ˩ʝi˩ze˩mæ˩|ə˧ʝi˧ʂɯ˥ʝi˩dʑo˩|ʂɑ˩tʰɑ˧dze˧|ə˧ʝi˧tsʰi˧ʝi˧dʑo˩|ʂo˧qo˧tʰɑ˩|ɖɯ˧po˩hwæ˩|le˧po˧tsʰɯ˧˥|,ts[UNK]i˧q[UNK]æ˧˥ dʑo˩ ʂo˧kwɤ˩tɑ˩q[UNK]æ˩dʑo˩ze˩mæ˩ ə˧ʝi˧ʂɯ˥ʝi˩dʑo˩ ʂɑ˩t[UNK]ɑ˧dze˧ ə˧ʝi˧ts[UNK]i˧ʝi˧dʑo˩ ʂo˧qo˧t[UNK]ɑ˩ ɖɯ˥pɤ˩ hwæ˩ le˧po˧ts[UNK]ɯ˧˥
tʰi˩˥|mv̩˧ʈʰæ˧|lo˧ʝi˧hĩ˧|ʝi˧kʰv̩˥|lo˧ʝi˧kʰɯ˩|,t[UNK]i˩˥ mv[UNK]˧ʈ[UNK]æ˧lo˧ʝi˧ ʝi˩ k[UNK]v[UNK]˧lo˧ʝi˩k[UNK]ɯ˩
zo˩no˥|dʑɯ˩ʈʰɯ˩ʈʰɤ˩˥|ʈʰɤʈʰɤʈʰɤpi˧|ɖɯ˧ʈʰɤ˥tʰi˩ʈʰɤ˩dʑo˩ɲi˩|,zo˩no˥ dʑɯ˩ʈ[UNK]ɯ˥ʈ[UNK]ɯ˩ ʈ[UNK]æ˧ʈ[UNK]ɤ˧pi˧ ɖɯ˧ʈʂ[UNK]ɤ˧˥ t[UNK]i˧ʈ[UNK]ɤ˧dʑo˩ɲi˩
tʰi˩˥|no˧˥|kʰv̩˩mi˩ɲi˥tsɯ˩|mv̩˩|tʰi˩˥|no˧˥|hĩ˧ɲi˥tsɯ˩|mv̩˩,t[UNK]i˩˥ no˧ k[UNK]v[UNK]˩mi˩ɲi˥tsɯ˩ mv[UNK]˩ t[UNK]i˩˥ no˧ hi[UNK]˩ɲi˥tsɯ˩ mv[UNK]˩
tʰi˩˥|ʁwɤ˧qo˧hĩ˧ɻæ˧ɳɯ˥|wɤ˩˥|pʰɤ˧bɤ˧po˧jo˥kv̩˩mæ˩|,t[UNK]i˩˥ ʁwɤ˧qo˧hi[UNK]˧ɻæ˧ɳɯ˥ wɤ˩˥ p[UNK]ɤ˧bɤ˧po˧bi˥kv[UNK]˩mæ˩
qo˩ho˧qo˥|ŋv̩˧|ɖɯ˧mæ˩|mmm…pɤ˩jɤ˧tʰi˥kʰɯ˩|,qo˩ho˧qo˧ ŋv[UNK]˧ ɖɯ˩mæ˩ mm[UNK]pɤ˩jɤ˧t[UNK]i˥k[UNK]ɯ˩
hĩ˧ɳɯ˩|hĩ˧so˥|le˧po˧jo˥|dʑo˩|ʁwɤ˧ɳɯ˧|so˩kv̩˩˥|no˧sɯ˩kv̩˩|ɖwæ˩mɤ˧zo˧|pi˧tsɯ˩|mv̩˩|,hi[UNK]˧ɳɯ˩ hi[UNK]˧so˥ le˧po˧jo˥dʑo˩ ʁwɤ˧ɳɯ˩ so˩kv[UNK]˩˥ no˧sɯ˩kv[UNK]˩ ɖwæ˩mɤ˧zo˧ pi˧tsɯ˩ mv[UNK]˩
nɑ˩ʈʂʰɯ˥dʑo˩|no˧|ʐɯ˧ʈʰɯ˩bi˩|ʈʂʰɯ˧lɑ˥ɲi˩|zo˩no˥|ʐɯ˧ʈʰɯ˩hɑ˩dzɯ˩pi˩bi˩bi˩|zo˩no˥|hĩ˧ɳɯ˩|qo˩ho˧˥|le˧pɤ˥pɤ˩|pʰɤ˧bɤ˧|le˧pɤ˥pɤ˩|po˧tsʰɯ˧pi˥|,nɑ˩ʈʂ[UNK]ɯ˥dʑo˩ no˧˥ ʐɯ˧ʈ[UNK]ɯ˩bi˩ ʈʂ[UNK]ɯ˧lɑ˩ɲi˩ zo˩no˥ ʐɯ˧ʈ[UNK]ɯ˩ hɑ˧dzɯ˧bi˧bi˧bi˩ zo˩no˥ hi[UNK]˧ɳɯ˩ qo˩ho˥ le˧pɤ˥pɤ˩ p[UNK]ɤ˧bɤ˧ le˧pɤ˧po˥ pi˩ts[UNK]ɯ˩ pi˩
əəə…njɤ˧|ɖɯ˧ʈʰæ˧pi˥|lɑ˧gi˧˥|le˧bæ˧˥|kʰi˩|njɤ˧|mɤ˧ʈʰæ˧˥|,əə[UNK]njɤ˧ ɖɯ˧ʈ[UNK]æ˧˧pi˥o˩ lɑ˧gi˧ le˧bæ˧˥ k[UNK]i˩ njɤ˧ mɤ˧ʈ[UNK]ɯ˧˥
tʰi˩˥|zɯ˧zɯ˧ʈʂʰɯ˧|tsʰe˩so˩kʰv̩˩lɑ˥ɖɯ˩dʑo˩|tʰi˩˥|kʰv̩˩mi˩zɯ˩zɯ˥tʰv̩˩v̩˩ki˩|ʂe˧hɯ˧ɲi˥tsɯ˩|mv̩˩|hĩ˧zɯ˧zɯ˥|tʰv̩˧v̩˧ɳɯ˩|,t[UNK]i˩˥zɯ˧zɯ˧ ʈʂ[UNK]ɯ˧ ts[UNK]e˩so˩k[UNK]v[UNK]˩lɑ˥ɖɯ˩dʑo˩ t[UNK]i˩˥ k[UNK]v[UNK]˧mi˥ zɯ˩zɯ˥ t[UNK]v[UNK]˧v[UNK]˧ki˩ ʂe˧hɯ˧ɲi˥tsɯ˩ mv[UNK]˩ hi[UNK]˧zɯ˧zɯ˥ t[UNK]v[UNK]˧v[UNK]˧ɳɯ˩
hæ˧di˩qo˩|wɤ˩˥|ə˧tso˧mɤ˧ɲi˩|ə˧ʝi˧ʂɯ˥ʝi˩|njæ˧sɯ˩kv̩˩dʑo˩|hæ˧di˩lɑ˩pi˩kv̩˩mæ˩|ə˩gi˩|,ze hæ˧di˩qo˩ wɤ˩˥ ə˧tso˧mɤ˧ɲi˩ ə˧ʝi˧ʂɯ˥ʝi˩ njæ˧sɯ˩kv[UNK]˩dʑo˩ hæ˧di˩lɑ˩pi˩kv[UNK]˩mæ˩ ə˩gi˩
əəə…tʰv̩˧ne˧ʝi˥|ɖɯ˧bæ˧ɳɯ˧|ɖɯ˧kʰwɤ˥|tʰi˧kʰɯ˧˥|,əə[UNK]tli[UNK]ɖɯ˧bæ˧ɳɯ˧ ɖɯ˧k[UNK]wɤ˥t[UNK]i˧k[UNK]ɯ˩
ə˧mi˧|no˧bv̩˩|ʈʂʰɯ˧ɭɯ˧se˥|ɖwæ˧˥|dʑɤ˩˥|,ə˧mi˧ no˧bv[UNK]˩ʈʂ[UNK]ɯ˩˩se˩ ɖwæ˧˥ dʑɤ˩
tʰi˩˥|ɖɯ˧ʑi˩ɻ̍˩dʑo˩|zo˧bæ˩|ɖɯ˧v̩˧dʑo˩tsɯ˩|mv̩˩|,t[UNK]i˩˥ ə[UNK]ɖɯ˧ʑi˩ɻ[UNK]˩dʑo˩ zo˧bæ˩ɖɯ˧v[UNK]˧ dʑo˩˥˩tsɯ˩ mv[UNK]˩
tʰi˩˥|lɑ˧tʰɑ˧di˧ɳɯ˥|le˧tsʰɯ˩ɲi˩kv̩˩tsɯ˩|mv̩˩,t[UNK]i˩˥ lɑ˧t[UNK]ɑ˧di˧ɳɯ˥ le˧ts[UNK]ɯ˩ɲi˩kv[UNK]˩tsɯ˩ mv[UNK]˩
hɑ˧|ɲi˧qwæ˧ɻ̍˥|hɑ˧|ɖɯ˧qwæ˧ɻ̍˥|mɤ˧ɖo˧|,hɑ˧ ɲi˧qwæ˧ɻ[UNK]˥ hɑ˧ ɖɯ˧qwæ˧˥ mɤ˧ɖo˧
ɖɯ˧njɤ˧|ŋv̩˩˥|pi˧ɲi˥tsɯ˩|mv̩˩|,ɖɯ˧njɤ˧ ŋv[UNK]˩˥ pi˧ɲi˥tsɯ˩ mv[UNK]˩
ɕi˧ʈʂʰwæ˧pɤ˩jɤ˩|ʈʂʰɯ˧ne˧ʝi˥|pɤ˩jɤ˧˥|le˧ti˩hĩ˩|tʰv̩˧ʁo˥|so˧ɭɯ˧|əəə…ʐv̩˩ɭɯ˩˥|,ɕi˧ʈʂ[UNK]wæ˧pɤ˩jɤ˩ ʈʂ[UNK]ɯ˧ne˧ʝi˥ pɤ˩jɤ˧˥ le˧ti˩hi[UNK]˩ ʈʂ[UNK]ɯ˧ʁo˧ so˧ɭɯ˧ əə[UNK]ʐv[UNK]˩ɭɯ˩˥
tʰi˩˥|hĩ˧ɻæ˧ɳɯ˥|ə˧mi˧|ʈʂʰɯ˧|ʈʂʰɯ˧ne˧gv̩˧ɲi˥tsɯ˩dʑo˩|ʈʂʰɯ˧|ʈʂʰɯ˧ne˧ʝi˥|ə˧tse˧ʝi˧zo˥|ʈʂʰɯ˧ne˧ʝi˥|dʑo˧ɲi˥hɯ˩|pi˧|,t[UNK]i˩˥ hi[UNK]˧ɻæ˧ɳɯ˥ ə˧mi˧ ʈʂ[UNK]ɯ˧ ʈʂ[UNK]ɯ˧ne˧gv[UNK]˧ɲi˥tsɯ˩dʑo˩ ʈʂ[UNK]ɯ˧ ʈʂ[UNK]ɯ˧ne˧ʝi˥ ə˧tse˧ʝi˧zo˥ ʈʂ[UNK]ɯ˧ne˧ʝi˥ dʑo˧ɲi˥hɯ˩ pi˧
li˩˥|ɖɯ˧ɭɯ˧|tʰi˧kʰɯ˩|jɤ˧ɖɯ˧po˩tʰi˩kʰɯ˩|,li˩˥ ɖɯ˧ɭɯ˧ t[UNK]i˧k[UNK]ɯ˩ jɤ˧ ɖɯ˧po˩t[UNK]i˩k[UNK]ɯ˩
ɑ˩ʁo˧|ɖɯ˧ɲi˥|so˧kʰɯ˧ʈʂʰɯ˧ʂe˧kʰɯ˧ʈʂʰɯ˧|ʈʂʰɯ˧ɖɯ˧mi˧hĩ˧|tʰi˧ʈɯ˧|ɖɯ˧ɲi˥|so˧tɕʰi˧|,ɑ˩ʁo˧ ɖɯ˧ɲi˥ so˧k[UNK]ɯ˧ʈʂ[UNK]ɯ˧ ʂe˧k[UNK]ɯ˧ʂ[UNK]ɯ˧ ʈʂ[UNK]ɯ˧ɖɯ˧mi˧ t[UNK]i˧ʈɯ˧˥ ɖɯ˧ɲi˥ so˧tɕ[UNK]i˧
əəə…ə˧mi˧|tɕi˩hĩ˩˥|wɤ˩˥|õ˧bv̩˥õ˩|ʑi˧dv̩˧ʝi˧ze˩|wɤ˩˥|õ˧bv̩˥õ˩|ə˧mi˧tɕi˩ki˩bi˩|,əə[UNK]ə˧mi˧ tɕi˩hi[UNK]˧ wɤ˩˥ o[UNK]˧bv[UNK]˥o[UNK]˩ ʑi˧dv[UNK]˧ʝi˧ze˩dʑo˩ o[UNK]˧bv[UNK]˥o[UNK]˩ə˧mi˧tɕi˩ki˩bi˩
õ˧ʈʂʰɯ˧ne˧ʝi˥zo˩|no˧bv̩˩ʐwɤ˩ki˩|njɤ˧bv̩˩ʐwɤ˩ki˩ʐwɤ˩ɖwæ˩mɤ˧zo˧|ɖwæ˩mɤ˧zo˧|ɖɯ˧v̩˧ɖɯ˧v̩˧ɳɯ˧|,o[UNK]˧ʈʂ[UNK]ɯ˧ne˧ʝi˥dzo˩ no˧bv[UNK]˧ ʐwɤ˩ki˩ njɤ˧bv[UNK]˩ ʐwɤ˩ki˩ ˧ʐɤ˥ ɖwæ˩mɤ˧zo˧ ɖwæ˩mɤ˧zo˧ ɖɯ˧v[UNK]˧ɖɯ˧v[UNK]˧ɳɯ˧
wo˩˥|dʑo˩|õ˧tʰv̩˧|ə˩kʰɯ˩ɲi˥ze˩mæ˩|õõõ|,wo˩˥ dʑo˩ hi[UNK]˧t[UNK]v[UNK]˧ ə˩k[UNK]ɯ˩ɲi˥ze˩mæ˩ i[UNK]˧
ʐwæ˧seʐɤ˩se˩zo˩ni˥|ɖɯ˧v̩˧si˧ʑi˧hõ˧˥|əəə…ɖɯ˧v̩˧dʑɯ˩qwæ˩hõ˩˥|ɖɯ˧v̩˧|mv̩˧kʰɯ˩hõ˩|pi˧zo˩|ə˧mi˧ɻæ˩ɳɯ˩|ʈʂʰɯ˧ne˧ʝi˥|ʈʂæ˧kv̩˧˥|mæ˩|,ʈʂwæ˧ɕə˧ʐɤ˧se˥zo˩non˥ ɖɯ˧v[UNK]˧ sɯ˧ʑi˩ho˩˥ əə[UNK]ɖɯ˧v[UNK]˧ dʑɯ˩qwæ˩hɑ[UNK]˩˥ ɖɯ˧v[UNK]˧mv[UNK]˧k[UNK]ɯ˩ho[UNK]˩ pi˧zo˩ ə˧mi˧ɻæ˩ ʈʂ[UNK]ɯ˧ne˧ʝi˥ ʂwæ˧kv[UNK]˥ mæ˩
oʈʂʰɯ˧ɳɯ˧|qʰæ˩tsʰɯ˩˥|ɲi˩|pi˧|zo˩no˥|mje˩fe˥|ʈʂʰɯ˧|ʈʂʰɯ˧ne˧ʝi˥|,oʈʂ[UNK]ɯ˧ɳɯ˧ q[UNK]æ˧ts[UNK]ɯ˧˥ ɲi˩ pi˧ zo˩no˥ mi˩fv[UNK]˧ʈʂ[UNK]ɯ˥ ʈʂ[UNK]ɯ˧ne˧ʝi˥
ɖɯ˧kʰv̩˧˥|ɖɯ˧ʂɯ˩hĩ˩ʈʂʰɯ˩dʑo˩|ɕi˧ɭɯ˧|ɕi˧ɭɯ˧|qʰɑ˧dze˧|nv̩˩ɭɯ˥|nv̩˧hṽ̩˩|jɤ˩jo˥|qwæ˧tsɯ˧|,ɖɯ˧k[UNK]v[UNK]˥ ɖɯ˧ʂɯ˩hi[UNK]˩ ʈʂ[UNK]ɯ˩dʑo˩ ɕi˧ɭɯ˧ ɕi˧ɭɯ˧ q[UNK]ɑ˧dze˧ nv[UNK]˩ɭɯ˧˥ nv[UNK]˧hv[UNK]˩ jɤ˩jo˥ qwæ˧tsɯ˧
tɑ˧ho˧|ʈʂʰɯ˧ne˧ʝi˥|le˧qwæ˧˥|hĩ˧hĩ˧ʈʂʰɯ˧|ɖwæ˧˥|ho˧ho˥ɲi˩mæ˩|dʑɤ˩ɲi˥mæ˩|,tɑ˧pɤ˧ ʈʂ[UNK]ɯ˧ne˧ʝi˥ le˧qwæ˧˥ hi[UNK]˧ hi[UNK]˧ʈʂ[UNK]ɯ˧ ɖwæ˧˥ ho˧ho˥ɲi˩mæ˩ dʑɤ˩ɲi˥mæ˩
tʰi˩˥|hõ˧ɬi˧mi˧|gv̩˩ɬi˩mi˩˥|əəə…tsʰe˧ɬi˧mi˧|tʰi˩˥|gv̩˩ɬi˩mi˩˥|hõ˧ɬi˧mi˧|qʰɑ˧dze˧|wɤ˩˥|le˧ɖʐɤ˧le˥po˩tsʰɯ˩|ɑ˩ʁo˥|ʈʂʰɯ˧ne˧ʝi˥|ntʰi˧tɕɯ˥|,t[UNK]i˩˥ ho[UNK]˧ɬi˧mi˧ gv[UNK]˩ɬi˩mi˩˥ əə[UNK]ts[UNK]e˧ɬi˧mi˧ t[UNK]i˩˥ gv[UNK]˩ɬi˩mi˩˥ ho[UNK]˧ɬi˧mi˧ q[UNK]ɑ˧dze˧ wɤ˩˥ le˧ɖʐɤ˧le˥po˩ts[UNK]ɯ˩ ɑ˩ʁo˧ ʈʂ[UNK]ɯ˧ne˧ʝi˥ t[UNK]i˧tɕɯ˥
tʰi˩˥|ə˧dɑ˥ɳɯ˩|ʈʂʰɯ˧ne˧ʝi˥|pi˧tsɯ˩|mv̩˩,t[UNK]i˩˥ ə˧dɑ˥ɳ˩ ʈʂ[UNK]ɯ˧ne˧ʝi˥ pi˧tsɯ˩ mv[UNK]˩
tʰi˩˥|dʑɤ˩tsʰo˧kv̩˧ze˥mæ˩|,t[UNK]i˩˥ dʑɤ˩ts[UNK]o˧kv[UNK]˧ze˥mæ˩
zo˩no˧dʑo˥|tʰi˩˥|ə˧ʝi˧tsʰi˧ʝi˧|dʑɤ˩˥|ʑi˧mi˧|ə˧ʝi˧ʂɯ˥ʝi˩ɳɯ˩|le˧gv̩˧gv̩˥|mɤ˧tʰɑ˧˥|dʑɤ˩˥|gv̩˩hĩ˩˥|mɤ˧dʑo˩|,zo˩no˧dʑo˧ t[UNK]i˩˥ ə˧ʝi˧ts[UNK]i˧ʝi˧dʑo˩˥ ʑi˧mi˧ ə˧ʝi˧ʂɯ˥ʝi˩ɳɯ˩ le˧gv[UNK]˧gv[UNK]˥ lɑ˧t[UNK]ɑ˧˥ dʑɤ˩˥ gv[UNK]˩hi[UNK]˩˥ mɤ˧dʑo˩
mmm…le˧gv̩˧gv̩˥pi˩kv̩˩mæ˩|nɑ˩ʐwɤ˥dʑo˩|le˧gv̩˧gv̩˥dʑo˩|tʰi˩˥|,mm[UNK]le˧gv[UNK]˧gv[UNK]˥ pi˧kv[UNK]˩mæ˩ nɑ˩ʐwɤ˥dʑo˩ le˧gv[UNK]˧gv[UNK]˥dʑo˩ t[UNK]i˩˥
tʰi˩˥|ʐwæ˧|ɖɯ˧v̩˧ɖɯ˧v̩˧dʑo˧|kʰɤ˧gɤ˧mv̩˧ʈʂæ˧kv̩˧˥|mæ˩|ɖɯ˧v̩˧ɖɯ˧v̩˧|ɻ̍˩pɑ˧mv̩˧ʈʂæ˧kv̩˧˥|mæ˩|tʰv̩˧ɲi˥kv̩˩bv̩˩|mv̩˧ɻwæ˩kwɤ˩tɕɯ˩lɑ˩|ɖɯ˧tɑ˧˥|le˧jo˩kv̩˩ɲi˩|,t[UNK]i˩˥ ʐwæ˧ ɖɯ˧v[UNK]˧ɖɯ˧v[UNK]˧dʑo˧ k[UNK]ɤ˧gɤ˩mv[UNK]˩ʈʂæ˧˧kv[UNK]˥mæ˩ ɖɯ˧v[UNK]˧ɖɯ˧[UNK]˧ ɻæ˩pɤɑ˧mv[UNK]˧ʈʂæ˧kv[UNK]˥mæ˩ t[UNK]v[UNK]˧ɲi˥kv[UNK]˩bv[UNK]˩ mv[UNK]˩ɻwæ˩kwɤ˩tɕɯ˩lɑ˩ ɖɯ˧tɑ˥ le˩okv[UNK]˩ɲi˩
tʰi˩˥|v̩˩dʑɯ˧ʈʰɯ˧|ɖɯ˧kʰv̩˧˥|dʑo˩|so˧ɬi˧mi˧ɳɯ˧|hi˧|le˧gi˥|dʑo˩|ŋwɤ˩ɬi˩mi˩qʰv̩˥ɬi˩mi˩dʑo˩|hi˧|le˧gi˥|le˧gi˥|le˧gi˥zo˩|,t[UNK]i˩˥ v[UNK]˩dʑɯ˧ʈ[UNK]ɯ˧ ɖɯ˧k[UNK]v[UNK]˧˥ dʑo˩ so˧ɬi˧mi˧ ɳɯ˧ hi˧ le˧gi˥dʑo˩ ŋwɤ˩ɬi˩mi˩q[UNK]wv[UNK]˥ɬi˩mi˩dʑo˩ hi˧le˧gi˩ le˧gi˩ le˧gi˥zo˩
tʰi˩˥|ʐɤ˩mi˩qo˥|hĩ˧ɲi˥kv̩˩ʁo˩pv̩˩dʑo˩|,t[UNK]i˩˥ ʐɤ˩mi˩qo˥ hi[UNK]˧ɲi˩kv[UNK]˩qo˩pv[UNK]˩dʑo˩
tʰi˩˥|ʈʂʰɯ˧qo˧ɳɯ˧|le˧hɯ˩|əəə…ʂwæ˧gv̩˧ki˧tʰv̩˧dʑo˩|ʂwæ˧gv̩˧ʈʂʰɯ˧dʑo˩|tʰi˩˥|ɲi˧mi˧tʰi˧qʰæ˧˥|kwɤ˩tɕɯ˩lɑ˩|ɬi˧di˩di˩mi˩qo˩dʑo˩|ɲi˧mi˧dʑo˥|kɤ˧mi˧kɤ˧mv̩˧ki˥ɳɯ˩|gɤ˩pɤ˧ɲi˩mæ˩|ə˩gi˩|,t[UNK]i˩˥ ʈʂ[UNK]ɯ˧qo˧ɳɯ˧ le˧hɯ˩ ə ʂwæ˧gv[UNK]˧ki˧t[UNK]v[UNK]˧dʑo˩ ʂwæ˧gv[UNK]˧ ʈʂ[UNK]ɯ˧dʑo˩ t[UNK]i˩˥ ɲi˧mi˧ t[UNK]i˧q[UNK]æ˧˥ kv[UNK]˩ sɯ˩lɑ˩ ɬi˧di˩di˩mi˩qo˩dʑo˩ ɲi˧mi˧dʑo˧ kɤ˧mi˧ kkɤ˧mv[UNK]˧ki˥ɳɯ˩ gɤ˩po˥ɲi˩mæ˩ ə˩gi˩
hĩ˧|ə˧ʝi˧ʂɯ˥ʝi˩|ʈʂʰɯ˧ne˧ʝi˥|le˧ʂɯ˧hĩ˧|qʰɑ˩ne˩ʝi˥bi˩|,hi[UNK]˧ ə˧ʝi˧ʂɯ˥ʝi˩ ʈʂ[UNK]ɯ˧ne˧ʝi˥ le˧ʂɯ˧hi[UNK]˧ q[UNK]ɑ˩ɲi˥bi˩
ɖɯ˧v̩˧ɖɯ˧kʰɤ˧ɖʐɤ˥|le˧po˧tsʰɯ˧˥|tʰi˩˥|ɑ˩ʁo˧tʰv̩˧dʑo˧|tʰi˩˥|əəə…ə˧dɑ˧tʰv̩˧v̩˧ki˧|əəə…kʰi˧|tʰi˧ʈæ˩dʑo˩pi˩tsɯ˩|mv̩˩|,ɖɯ˧v[UNK]˧ɖɯ˧k[UNK]ɤ˧ɖʐɤ˥ le˧po˧ts[UNK]ɯ˧˥ t[UNK]i˩˥ ɑ˩ʁo˧t[UNK]v[UNK]˧dʑo˧ t[UNK]i˩˥ ə[UNK]ə˧dɑ˧t[UNK]v[UNK]˧v[UNK]˧ki˧ əə[UNK]k[UNK]i˧ t[UNK]i˧ʈæ˩dʑo˩ pi˧tsɯ˩ mv[UNK]˩
hĩ˧ɳɯ˩|ɖɯ˧tɑ˧˥|le˧ɣɯ˩ʂɯ˩po˩hɯ˩|ʐwæ˧lɑ˩|ɖɯ˧tɑ˧˥|le˧di˧po˥hɯ˩|,hi[UNK]˧ ɖɯ˧tɑ˧˥ le˧ʂɯ˧p[UNK]o˧o˥ ʐwæ˧lɑ˩ ɖɯ˧tɑ˧˥ le˧di˩po˧hɯ˥
mmm…mo˩ɻ̍˥|ʈʂʰɯ˧dʑo˩|əəə…ʂwæ˧si˧bi˥di˩ɲi˩mæ˩|ʂwæ˧bæ˩si˩bi˩|zo˩no˥|si˧mo˩bi˩|,mm[UNK]mo˩ɻ[UNK]˥ʈʂ[UNK]ɯ˧dʑo˩ ə[UNK] ʂwæ˧sɯ˧bi˥di˩ɲi˩mæ˩ ʂwæ˧bæ˧sɯ˩bi˩ zo˩no˥ si˧mo˩bi˩
mv̩˩kʰv̩˧˥|tʰv̩˧tsʰɯ˧|hõ˧ɭɯ˥qo˩ɳɯ˩le˩tʰv̩˩kv̩˩|,mv[UNK]˩k[UNK]v[UNK]˧˥ tv[UNK]˧ts[UNK]ɯ˧ ho[UNK]˧ɭɯ˥qo˩ɳɯ˩ le˩t[UNK]v[UNK]˩kv[UNK]˩
wɤ˩˥|kɯ˧ʈʂʰwɤ˩pi˩|wɤ˩˥|hæ̃˧qʰv̩˥|wɤ˩˥|ɖɯ˧tɕʰi˩ki˩kv̩˩mæ˩|,wɤ˩˥ kɯ˧ʈʂ[UNK]wɤ˩pi˩ wɤ˩˥ hæ[UNK]˧q[UNK]v[UNK]˥ wɤ˩˥ ɖɯ˧tɕ[UNK]ɤ˩ki˩kv[UNK]˩mæ˩
kɯ˧ʈʂʰwɤ˩ʈʂʰɯ˩kʰwɤ˩dʑo˩|tʰi˩˥|əəə…mmm…ʈʂʰwɤ˧dʑo˧|ə˧ʝi˧ʂɯ˥ʝi˩|mmm…tv̩˧tsʰɯ˧hõ˧ɭɯ˥|tʰv̩˧ɻæ˧qo˥ɳɯ˩|le˧dzɯ˥dʑo˩|wɤ˩˥k|kɯ˧ʈʂʰwɤ˩ʈʂʰɯ˩tɕʰi˩dʑo˩|əəə…nəəə…tv̩˧tsʰɯ˧tsʰe˧ɲi˧ɭɯ˧qo˧ɳɯ˧|dzɯ˧kv̩˩|ə˧ʝi˧ʂɯ˥ʝi˩|,kɯ˧ʈʂ[UNK]wɤ˩ʈʂ[UNK]ɯ˩k[UNK]v[UNK]˩dʑo˩ t[UNK]i˩˥ ə[UNK]m[UNK]ʈʂ[UNK]wɤ˧dʑo˧ ə˧ʝi˧ʂɯ˥ʝi˩ m[UNK]tv[UNK]˧ts[UNK]o˧ho[UNK]˧ɭɯ˥ t[UNK]v[UNK]˧ɻæ˧qo˩ɳɯ˩ le˧dzɯ˥dʑo˩ wɤ˩˥ k[UNK]ɯ˧ʈʂ[UNK]wɤ˩ʈʂ[UNK]ɯ˩tɕ[UNK]ɯ˩dʑo˩ əə[UNK]tv[UNK]˧ts[UNK]i˧ ts[UNK]e˧ɲi˧ɭɯ˧qo˧ɳɯ˧dzɯ˩kv[UNK]˩ ə˧ʝi˧ʂɯ˥ʝi˩
ə˧zɯ˩|gɯ˧ɳɯ˧|qʰæ˧dʑo˧|mɤ˧do˩|,ə˧zɯ˩ gɤ˧ɳɯ˧ q[UNK]æ˧dʑo˧ mɤ˧do˩
əzo˩qo˧ɲi˩|mɤ˧sɯ˥|tʰi˩˥|hæ˧di˩hɯ˩ɲi˩|pi˧|,hi[UNK] zo˩qo˧njiɤ˩ɻ[UNK]˩ mɤ˧sɯ˥ ʈt[UNK]i˩i˥ hæ˧di˩hɯ˩ɲi˩ pi˧
ɕi˧ɕi˩lo˩|pi˧kv̩˩tsɯ˩|mv̩˩|ʈʂʰɯ˧kʰwɤ˥dʑo˩|,ɕi˧ɕi˩lo˩ pi˧kv[UNK]˩tsɯ˩ mv[UNK]˩ ʈʂ[UNK]ɯ˧k[UNK]wɤ˩dʑo˩
li˩˥|le˧tɕɤ˧˥|mmmə˧mi˧ɻæ˩|tʰv̩˧ɲi˧dʑo˩|əəə…tʰv̩˧|ɑ˩ʁo˧|ɖɯ˧njɤ˧|tʰi˧dzi˩|,li˩˥ le˧tɕɤ˧˥ m[UNK]ə˧mi˧ɻæ˩ t[UNK]v[UNK]˧ɲi˩dʑo˩ əə[UNK]t[UNK]v˧ɻæ[UNK]˩ʁo˩ ɖɯ˧njɤ˥ t[UNK]i˧dzi˩
ŋv̩˩˥|ŋv̩˩dʑo˥|tʰi˩˥|əəə…zo˩no˥|əəə…pʰæ˧tɕi˥tʰv̩˩v̩˩|ʁo˧pv̩˩ə˧v̩˧tʰv̩˧v̩˧ɳɯ˩|,ŋv[UNK]˩˥ ŋv[UNK]˩dʑo˥ t[UNK]i˩˥ə[UNK]zo˩no˥ pvp[UNK]æ˧tɕi˥ t[UNK]v[UNK]˩vɤ˩ʁo˥pv[UNK]˩hi[UNK]˩ ə˧v[UNK]˧t[UNK]v[UNK]˧v[UNK]˧ɳɯ˩
əəə…tʰi˩˥|ʈʂʰɯ˧ne˧ʝi˥dʑo˩|ʐwæ˧ʐwæ˧|ɖɯ˧v̩˧|ʐwæ˧|tsʰe˩qʰɑ˩kv̩˩ɲi˥|po˧bi˥|,əə[UNK]t[UNK]i˩˥ ʈʂ[UNK]ɯ˧ne˧ʝi˥dʑo˩ ʐwæ˧ʐwæ˧ɖɯ˧v[UNK]˧ ʐwæ˧ ts[UNK]e˩q[UNK]ɑ˩kv[UNK]˩ɲi˥ po˧bi˥
tʰi˩˥|hæ˧ʐwɤ˩dʑo˩|hwɑ˩lɑ˩sæ˧|hwɑ˩lɑ˩sæ˧|pi˧|,dʑo˩ hæ˧ʐwɤ˩dʑo˩ hw˩lɑ˩sɑ˥hwɤ˩ lɑ˩sɯ˥ pi˧
ə˧mi˧|qʰæ˧|pi˧zo˩|ɲi˧to˧|ɖɯ˧tɑ˧˥|tʰi˧qo˧qo˥kv̩˩|,ə˧mi˧ q[UNK]v[UNK]˧ pi˧zo˩ ɲi˧to˧dɑ˧˥ t[UNK]i˧qo˧qo˥kv[UNK]˩hi[UNK]˩
əəə…se˧pʰɤ˧se˧bɤ˧ʝi˧mɤ˧zo˧ze˩|pi˧tsɯ˩|mv̩˩|,əə[UNK] se˧p[UNK]ɤ˧ se˧pɤ˧ʝi˧mɤ˧zo˧ze˩ pi˧tsɯ˩ mv[UNK]˩
tʰi˩˥|hĩ˧ɻæ˥|njæ˧sɯ˩kv̩˩|le˧pi˥|,t[UNK]i˩˥ hi[UNK]˧ɻæ˥ njæ˧sɯ˩kv[UNK]˩ le˧tɕɯ˧
mɤ˧ɲi˧kwɤ˧tɕɯ˥lɑ˩|le˧mi˧tʰi˧kwɤ˥|,mɤ˧ɲi˧kwɤ˧tɕɯ˥lɑ˩ li˧mi˧t[UNK]i˧kwɤ˥
ɑ˩ʁo˧|zo˩no˥|ko˧ə˧ʝi˧ʂɯ˥ʝi˩ni˩|ko˧sɯ˧|mɤ˧di˩|ə˩gi˩|ə˧ʝi˧ʂɯ˥ʝi˩dʑo˩|,ɑ˩ʁo˧ zo˩no˥ kwɤ˧ə˧ʝi˧ʂɯ˥ʝi˩ni˩ kwɤ˧sɯ˧ mɤ˧di˩ ə˩gi˩ ə˧ʝi˧ʂɯ˥ʝi˩dʑo˩
tʰi˩˥|le˧qʰwɤ˧|le˧qʰwɤ˧dʑo˩|tʰi˩˥|wɤ˩˥|ɖɯ˧ʑi˩ɻ̍˩|go˩tsɯ˥|mv̩˩|ɖɯ˧ʁwɤ˧qo˧|,t[UNK]i˩˥ le˧q[UNK]wɤ˧ le˧q[UNK]wɤ˧dʑo˧ t[UNK]i˩˥ wɤ˩˥ ɖɯ˧ʑi˩ɻ[UNK]˩ go˩tsɯ˩˥ mv[UNK]˩ ɖɯ˧ʁwɤ˧qo˩
ɬi˧di˩ɳɯ˩|wɤ˩˥|bi˧|əəə…wɤ˩˥|wɤ˩˥|ʈʂʰɯ˧|ɖɯ˧ɬi˧ɖʐɯ˧ho˧ze˩|ɲi˧tsi˧hɑ̃˧ɖʐɯ˧ho˥ze˩|pi˧|,ɬi˧di˩ɳɯ˩ wɤ˩˥ bi˧ əə[UNK]wɤ˩˥ wɤ˩˥ ʈʂ[UNK]ɯ˧ ɖɯ˧ɬi˩dʑɯ˩ho˩ze˩ ɲi˧tsi˧hɑ[UNK]˧dʑɯ˧ho˥ze˩ pi˧
dzɯ˧gɤ˥|dzɯ˧mɤ˧gɤ˩mmm…|kʰv̩˩mi˩˥|no˧dzɯ˧hõ˧|pi˧zo˩|ʂe˧ʈʂʰɯ˧ʈv̩˥|le˧ʑi˩zo˩|kʰv̩˩mi˩ki˥kwɤ˩tsɯ˩|mv̩˩|,dzɯ˧gɤ˧ dzɯmɤ˩gɤ˩ ə[UNK]k[UNK]v[UNK]˩mi˩˥ no˧dzɯ˩ho[UNK]˩˥ pi˧zo˩ ʂe˧ ʈʂ[UNK]ɯ˧ʈv[UNK]˥le˩ʑi˩zo˩ k[UNK]v[UNK]˩mi˩ki˥kwɤ˩tsɯ˩ mv[UNK]˩
pʰv̩˧ɖɯ˧ʝi˥|hɑ˧dzɯ˧dʑo˩|ə˧ʝi˧ʂɯ˥ʝi˩dʑo˩|tʰi˩˥|,p[UNK]v[UNK]˧ɖɯ˧ʝi˥ hɑ˧dzɯ˧dʑo˩ ə˧ʝi˧ʂɯ˥ʝi˩dʑo˩ t[UNK]i˩˥
tʰi˩˥|tso˩qʰv̩˩ɻ̍˥ɳɯ˩|gæ˩pʰæ˧bi˧|kʰi˧|ɖɯ˧pɤ˩tʰi˩di˩|tso˩qʰv̩˩ɻ̍˥ɳɯ˩|,t[UNK]i˩˥ tso˧q[UNK]v[UNK]˧ɻ[UNK]˥mv[UNK] gæ˩p[UNK]æ˧ bi˧ k[UNK]i˧ ɖɯ˧pɤ˧ t[UNK]i˧di˩ tso˧q[UNK]wɤ˧ɻ[UNK]˥ɳɯ˩
õ˧ʈʂʰɯ˧dʑo˩|tʰi˩˥|ɲi˧ʈʂæ˧ʑi˧dɑ˥kv̩˩ze˩mæ˩|,o[UNK]˧ʈʂ[UNK]ɯ˧dʑo˩ t[UNK]i˩˥ ɲi˧ʈʂæ˧ʑi˧dɑ˥kv[UNK]˩ze˩mæ˩
mɤ˧dɑ˩|zo˧tɕʰi˧bi˧pi˧hɯ˧dʑo˩|hwɤ˧tɕi˥ʁo˥bv̩˩tʰv̩˩|zo˧tɕʰi˧le˥wo˩tsʰɯ˩pi˩kv̩˩|,mɤ˧dɑ˩ zo˧tɕ[UNK]i˧bi˧pi˧hɯ˩dʑo˩ hwɤ˧tɕi˥ʁo˩bv[UNK]˩t[UNK]v[UNK]˩ zo˧tɕ[UNK]i˧le˥wo˩ts[UNK]ɯ˩ pi˧kv[UNK]˩
mv̩˩lo˥ʝi˩pi˩|ɖɯ˧v̩˧ɖɯ˧ʑi˩tʰi˩dzi˩dʑo˩|tʰi˩˥|qv̩˧ɻ̍˧ʁo˧|mv̩˩lo˥ʝi˩tʰi˩dzi˩ɲi˩pi˩kv̩˩mæ˩|ə˧ʝi˧ʂɯ˥ʝi˩|,mv[UNK]˩lo˥ʝi˩pi˩hi[UNK]˩ɖɯ˧v[UNK]˧ ɖɯ˧ʑi˩ t[UNK]i˧dzi˩dʑo˩ t[UNK]i˩˥ qv[UNK]˧ɻ[UNK]˧ʁo˧ mv[UNK]˩lo˥ʝio˩ t[UNK]i˧dzi˩ɲi˩pi˩kv[UNK]˩mæ˩ ə˧ʝi˧ʂɯ˥ʝi˩
ʁwɤ˧qo˧hĩ˧|le˧ʁɑ˥ʂe˩|le˧po˧tsʰɯ˧˥|hĩ˧hĩ˧ʂɯ˧dʑo˩|ɖɯ˧v̩˧ɳɯ˧|ɖɯ˧pʰæ˧˥|ɖɯ˧v̩˧ɳɯ˧|ɖɯ˧pʰæ˧˥|ɖɯ˧v̩˧ɳɯ˧|ɖɯ˧pʰæ˧˥|ʈʂʰɯ˧ne˧ʝi˥|le˧qʰæ˧˥|,ʁwɤ˧qo˧ hi[UNK]˧ le˧ʁɑ˥ʂe˩ le˧po˧tsɯ˧˥ hi[UNK]˧ hi[UNK]˧ʂɯ˧dʑo˩ ɖɯ˧ʁv[UNK]˧ɳɯ˧ ɖɯ˧p[UNK]æ˧˥ ɖɯ˧v[UNK]˧ɳɯ˧ ɖɯ˧p[UNK]æ˧˥ ɖɯ˧v[UNK]˧ɳ˧ ɖɯ˧p[UNK]æ˧˥ ʈʂ[UNK]ɯ˧ne˧ʝi˥ le˧q[UNK]æ˧˥
ɖɯ˩lo˧|mɤ˧sɯ˥ze˩|pi˧kwɤ˩tɕɯ˩lɑ˩|ə˧mv̩˧ɳɯ˥|ʐæ˩sɯ˩˥|tʰi˧mv̩˧tɕɯ˧zo˥|pʰo˩hɯ˩ɲi˥ze˩wɤ˩|,ɖɯ˩lo˧ mɤ˧sɯ˥ze˩ pi˧kwɤ˩tɕɯ˩lɑ˩ ə˧mv[UNK]˧ɳɯ˧ ʐæ˩sɯ˩˥ t[UNK]i˧mv[UNK]˧tɕɯ˧zo˥ p[UNK]o˩hɯ˩ɲi˥ze˩wɤ˩
mɤ˧bi˧ze˧|ə˧zɯ˩|hĩ˧tɕʰi˧tʰɑ˧mɤ˧ʝi˧ze˩|,mɤ˧bi˧ze˧ ə˧zɯ˩ hi[UNK]˧tɕ[UNK]i˧ t[UNK]ɑ˧mɤ˧ʝi˩ze˩
tʰv̩˧ne˧ʝi˥|tʰi˩˥|ŋv̩˧|tʰi˧ki˧se˩|tʰi˩˥|ɬo˧pv̩˥|le˧ti˩|,tʂ[UNK]v[UNK]˧ne˧ʝi˥ t[UNK]i˩˥ ŋv[UNK]˧ t[UNK]i˧ki˧se˩ t[UNK]i˩˥ ɬo˧pv[UNK]˥ le˧ti˩
tʰi˩˥|tʰv̩˧v̩˧ɳɯ˩|əəə…lo˩dʑo˥ki˩kv̩˩ze˩|lo˩dʑo˥|əəə…lo˩dʑo˥|ɖɯ˧dze˩|,t[UNK]i˩˥ t[UNK]v[UNK]˧v[UNK]˧ɳɯ˩ əə[UNK]lo˩dʑo˥ki˩kv[UNK]˩ze˩ lo˩dʑo˧ oə[UNK]lo˩dʑo˥ ɖɯ˧dzi˩
ɖɯ˧ɬi˧mi˧|ɲi˧ɬi˧mi˧|so˧ɬi˧mi˧|le˧tv̩˧dʑo˥|so˧ɬi˧mi˧qo˧|ʐwæ˩ʐwæ˧tso˧ɲi˥mæ˩|wɤ˩˥|le˧tv̩˧se˩|le˧ʐwæ˧˥|,ɖɯ˧ɬi˧mi˧ ɲi˧ɬi˧mi˧ so˧ɬi˧mi˧ le˧tv[UNK]˧dʑo˥ so˧ɬi˧mi˧ qwɤ˧ ʐwæ˩˥ʐwæ˧tso˧ɲi˥zem˩ wɤ˩˥ le˧tv[UNK]˧se˩ le˧ʐwæ˧˥
ə˧ʝi˧ʂɯ˥ʝi˩|ə˧mi˧ɻæ˩|ʈʰæ˧qʰwɤ˧ɖɯ˧ɭɯ˧˥|pæ˧kʰwɤ˧|so˧ɭɯ˧|,ə˧ʝi˧ʂɯ˥ʝi˩ ə˧mi˧ɻæ˩ ʈ[UNK]æ˧q[UNK]wɤ˧ ɖɯ˧ɭɯ˧ pæ˧k[UNK]wɤ˧ so˧ɭɯ˧
zo˩no˥|əəə…|zo˩no˥|hæ˧ʐwɤ˩pi˩|hĩ˧ɻæ˧ɳɯ˥|tɕɤ˧ho˩pæ˧|tʰææ̃˧|ne˧ʝi˥zo˩|ə˩gi˩|,zo˩no˥ zo˩no˥ hæ˧ʐwɤ˩pi˩ hi[UNK]˧ɻæ˧ɳɯ˧ tɕɤ˧ho˩pæ˥t[UNK]æ˧ɻæ[UNK]˧ni˩ʝi˥zo˩ ə˩gi˩
tʰv̩˧ʁo˥dʑo˩|dʑɤ˩˥|dzɯ˧mɤ˧kv̩˩|,t[UNK]v[UNK]˧ʁo˥dʑo˩ dʑɤ˩˥ dzɯ˧mɤ˧kv[UNK]˩
tsʰe˧,se˧
ʈʂʰɯ˧ɖɯ˧ɬi˧hĩ˧ʈʂʰɯ˧|tʰi˩˥|mmm…tsʰe˧do˧hõ˥ɲi˩|dɑ˧mɤ˧ʁo˧|pi˧dʑo˩|tsʰe˩do˩ŋwɤ˥əəə…tsʰe˩ŋwɤ˩ɲi˩˥|dɑ˧˥|,ʈʂ[UNK]ɯ˧ ɖɯ˧ɬi˧hi[UNK]˧ʈʂ[UNK]ɯ˧ t[UNK]i˩˥ mm[UNK]ts[UNK]e˧do˧ho[UNK]˥ɲi˩ dɑ˧mɤ˧ʁo˧ pi˧dʑo˩ ts[UNK]e˧do˧ŋv[UNK]˥ əə[UNK]ts[UNK]e˩ŋwɤ˩ɲi˥ dɑ˩
tʰi˩˥|mo˧ʈʂʰɯ˧dʑo˩|zo˩no˥|əəə…zo˩no˥|mo˧kɤ˩dzi˩ʈʰæ˩qo˩di˩hĩ˩|mo˧ʈʂʰɯ˥dʑo˩|tʰi˩˥|hĩ˧dv̩˥kv̩˩|pi˧zo˩|,t[UNK]i˩˥ mo˧ʈʂ[UNK]ɯ˧dʑo˩ zo˩no˥ə[UNK]zo˩no˥ mo˧kɤ˩dʑɯ˩ʈʂ[UNK]æ˩qo˩di˩hi[UNK]˩ mo˩ʈʂ[UNK]ɯ˩dʑo˩ t[UNK]i˩˥ hi[UNK]˧dv[UNK]˥kv[UNK]˩ pi˧zo˩
tʰi˩˥|zo˩no˥|lo˧ʂv̩˩|hi˩nɑ˧mi˧qo˩|ʈʂʰwæ˩ʈʂʰɯ˥|ə˩gi˩,t[UNK]i˩˥ zo˩no˥ lo˧ʂv[UNK]˩ hi˩nɑ˧mi˧qo˩ ʈʂ[UNK]wæ˩ʈʂ[UNK]ɯ˥ ə˩gi˩
tʰi˩˥|əəə…ʈʂʰʈʂʰɯ˧ki˧dʑo˩|mv̩˩lo˥ʝi˩mv̩˩ʈʂæ˩kv̩˩tsɯ˩|mv̩˩,t[UNK]i˩˥ ə[UNK]ʈʂ[UNK]ɯ˧ ʈʂ[UNK]ɯ˧ki˧dʑo˩ mv[UNK]˩lo˥ʝi˩mv[UNK]˩ʈʂæ˩kv[UNK]˩tsɯ˩m
tʰi˩˥|dʑɯ˩ʁo˩tʰv̩˩˥|dʑo˩|hɑ˧|tʰv̩˧ʈv̩˥|mv̩˧|tʰi˧kʰɯ˧˥|tʰi˧bv̩˥kv̩˩mæ˩|,t[UNK]i˩˥ dʑɯ˩ʁo˩t[UNK]v[UNK]˩˥ dʑo˩ hɑ˧ ʈɖvɯ˧ʈv[UNK]˥ mv[UNK]˩ t[UNK]i˧k[UNK]ɯ˧˥ t[UNK]i˧bv[UNK]˥kv[UNK]˩mæ˩
wɤ˩˥|no˧ɳɯ˧|pɤ˧pɤ˧ne˧˥|le˧pɤ˥pɤ˩|gɤ˧bi˧|ʈʂʰɯ˧qo˧|tʰi˧tɕɯ˥|,wɤ˩˥ no˧ɳɯ˧ pɤ˩pɤ˧ni˧n˥ le˧po˥pɤ˩ gɤ˧bi˧tv[UNK]˧qo˧ t[UNK]i˧tɕɯ˥
wɤ˩˥|mv̩˩kʰv̩˧˥|tʰi˩˥|ʐwæ˧tɕi˥|le˧pʰv̩˧˥|tʰi˩˥|zo˩qo˧hɑ̃˧˥|dʑo˩|tʰi˧hɑ̃˧˥|ə˧ʝi˧tsʰi˧ʝi˧ni˧˥|ʑi˧qʰwɤ˧|di˩mɤ˩kv̩˥|,wɤ˩˥ mv[UNK]˩k[UNK]v[UNK]˧˥ t[UNK]i˩˥ wɤ˩˥ ʐwæ˧tɕɯ˥ le˧p[UNK]v[UNK]˧˥ t[UNK]vi˩˥ zo˩qo˧hɑ[UNK]˧˥ dʑo˩ t[UNK]i˧hɑ[UNK]˧˥ ə˧ʝi˧ts[UNK]i˧ʝi˧ne˧ʝi˥ ʑi˧q[UNK]wɤ˧˥ di˩mɤ˧kv[UNK]˧˥
ə˧mv̩˩ɳɯ˩|ʐæ˩sɯ˩˥|ʈʂʰɯ˧kʰwɤ˥hæ̃˩|kʰɯ˧˥|tʰi˧kwɤ˩|go˧mi˧|tʰi˧ʈwæ˧tsɯ˥|mv̩˩,ə˧mv[UNK]˧ɳɯ˩ ʐæ˩sɯ˩˥ ʈʂ[UNK]ɯ˧qk[UNK]wɤ˧hæ[UNK]˩ k[UNK]ɯ˧t[UNK]i˩kwɤ˩ go˧mi˧ t[UNK]i˧ʈwæ˧tsɯ˥ mv[UNK]˩
hi˩nɑ˧mi˧dʑo˩|tʰi˩˥|ə˧ʝi˧ʂɯ˥ʝi˩|ʈʂʰɯ˧ne˧ʝi˥|ʐwɤ˩kv̩˩˥|mæ˩,hi˩nɑ˥mi˩dʑo˩ t[UNK]i˩˥ ə˧ʝi˧ʂɯ˥ʝi˩ ʈʂ[UNK]ɯ˧ne˧ʝi˥ ʐwɤ˩kv[UNK]˩˥ mæ˩
hĩ˧|mɤ˧hɤ˩hĩ˩ɳɯ˩|ʝi˧|pi˧|tsʰi˧ɲi˧ʝi˧|ɖɯ˧ɲi˧kv̩˧ʁɑ˧ʂe˥|le˧po˧tsʰɯ˧˥|wɤ˩˥|po˧ɖʐɯ˧mɤ˧dʑɤ˩hĩ˩|ɖɯ˧se˩|tɑ˧qɑ˧|tɑ˧qɑ˧|tɑ˧qɑ˧|pi˧|ɖɯ˧dɑ˩dɑ˩ɻ̍˩|wɤ˩˥|ɖɯ˧so˥|lo˧mɤ˧do˩|,hi[UNK]˧ mɤ˧hɯ˩hi[UNK]˩ɳɯ˩ jɤ˧ pi˧ ts[UNK]i˧ɲi˧hi[UNK]˧ ɖɯ˧ɲi˧kv[UNK]˧ ʁɑ˧ʂe˧ le˧po˧ts[UNK]ɯ˧˥ wɤ˩˥ po˧ɖʐɯ˧ mɤ˧dʑɤ˩hi[UNK]˩ ɖɯ˩se˩ tɑ˧qɑ˧tɑ˧qɑ˧tv[UNK]˧qɑ˧pi˧ ɖɯ˧dɑ˩dɑ˩ɻ[UNK]˩ wɤ˩˥ ɖɯ˧so˥ lo˧mɤ˧do˩
mɤ˧dɑ˩qʰwɤ˩zo˩|ə˧zɯ˧˥|ɖɯ˧zɯ˧|tʰi˧ɖɯ˧ɲi˥|tʰi˧ʂɯ˧ə˧ʝi˥|pi˧tsɯ˩|mv̩˩|,mɤ˧dɑ˩q[UNK]wɤ˧zo˧ ɻə˧zo˥ ɖɯ˧zo˥ t[UNK]i˧ɻɖɯ˧ɲi˥ t[UNK]i˧ʂæ˧ʝi˧ pi˧tsɯ˩ mv[UNK]˩
ʈʂʰɯ˧|qv̩˧ɻ̍˧ʈʂʰɯ˧ɭɯ˧|zo˩no˥|ə˧tso˧mɤ˧ɲi˩|zo˩no˥|njæ˧sɯ˩kv̩˩|dɑ˧pɤ˧qʰwæ˧qo˩hĩ˩qo˩|qv̩˧ɻ̍˧|tʰi˧ʑi˥kv̩˩mæ˩|,ʈʂ[UNK]ɯ˧ qv[UNK]˧ɻ[UNK]˧ʈʂ[UNK]ɯ˧zo˩no˥ ə˧tso˧mɤ˧ɲi˩ zo˩no˥ njæ˧sɯ˩kv[UNK]˩ dɑ˧pɤ˧ q[UNK]wɤ˥qwɑ˩qɑ˩ qv[UNK]˧ɻ[UNK]˧ t[UNK]i˧ʑi˥kv[UNK]˩mæ˩
mmm…|li˩tʰi˧tɕɯ˥|tsʰe˧tʰi˩tɕɯ˩|ʐɯ˧tʰi˧tɕɯ˥|ʑi˧qʰwɤ˧ʂɯ˧qo˥ɖɯ˩so˩dʑo˩|,mm[UNK]li˩t[UNK]i˧tɕɯ˩ ts[UNK]e˧t[UNK]i˩tɕɯ˩ ʐɯ˧t[UNK]i˧tɕɯ˥ ʑi˧q[UNK]wɤ˧ʂɯ˧qo˧ ɖɯ˧so˩dʑo˩
tʰv̩˧ne˧ʝi˥|ɖɯ˧ɖɯ˧ɲi˥|so˧ʂɯ˧|so˧tɕʰi˧|so˧ʂɯ˧|,ʈʂ[UNK]ɯ˧ne˧ʝi˥ ɖɯ˧ ɖɯ˧ɲi˧ so˧ʂɯ˧ so˧tɕ[UNK]i˧ so˧ʂɯ˧
njæ˧sɯ˩kv̩˩dʑo˩|ə˧ʝi˧ʂɯ˥ʝi˩|nɑ˩dʑi˧hṽ̩˧|mv̩˧ɲi˩mæ˩|ə˩gi˩|,njæ˧sɯ˩kv[UNK]˩dʑo˩ ə˧ʝi˧ʂɯ˥ʝi˩ nɑ˩dʑi˧hv[UNK]˩mv[UNK]˩ɲi˩mæ˩ ə˩gi˩
mɤ˧bi˧ze˧|ə˧zɯ˩|zo˧tɕʰi˧tʰɑ˧kv̩˥kv̩˩|ə˧tso˧mɤ˧ɲi˩|tʰi˧di˩ze˩|,mɤ˧bi˧ze˧ ə˧zɯ˩ zo˧tɕ[UNK]i˧t[UNK]ɑ˩kwɤ˩kv[UNK]˥ ə˧tso˧mɤ˧ɲi˩ t[UNK]i˧di˩ze˩
mv̩˩tɕʰi˩bi˩zo˩ho˥ze˩|pi˧|tʰi˩˥|mv̩˩zo˩˥|ɖɯ˧ɭɯ˧ki˧|le˧ʂv̩˧po˧hɯ˧ɲi˥tsɯ˩|mv̩˩|,mmv[UNK]˩tɕ[UNK]i˩bi˩zo˩ho˥ze˩ pi˧ t[UNK]i˩˥ mv[UNK]˩zo˩˥ ɖɯ˧ɭɯ˧ki˩ le˧ ʂv[UNK]˧po˧hɯ˧ɲi˥tsɯ˩ mv[UNK]˩
tʰi˩˥|ə˧ʝi˧ʂɯ˥ʝi˩dʑo˩|nɑ˩ʈʂʰɯ˥dʑo˩|v̩˩tsʰɤ˧˥|dʑɤ˩˥|dʑo˧mɤ˧kv̩˧˥|mæ˩|,t[UNK]i˩˥ ə˧ʝi˧ʂɯ˥ʝi˩dʑo˩ nɑ˩ʈʂ[UNK]ɯ˥dʑo˩ v[UNK]˩ts[UNK]ɤ˧˥ dʑɤ˩˥ dʑo˧mɤ˧kv[UNK]˧˥ mæ˩
dʑɯ˧mɤ˧dʑo˧|ʂe˧|mv̩˧tʰi˧kʰɯ˧˥|v̩˧|ɖɯ˧ɭɯ˧po˧˥|hɑ˧dʑo˩|ɑ˩ʁo˧le˧tɕɤ˧hĩ˧po˧bi˧kv̩˩mæ˩|dʑɯ˧mɤ˧dʑo˧zo˧,dʑɯ˧mɤ˧dʑo˧ ʂe˧ mv[UNK]˧t[UNK]i˩k[UNK]ɯ˧˩˥ v[UNK]˧ ɖɯ˧ɭɯ˧po˧˥ hɑ˧dʑo˩w˩ ɑ˩ʁo˧ le˧tɕɤ˧hi[UNK]˧po˧˩pi˩kv[UNK]˩mæ˩ dʑɯ˧mɤ˧dʑo˧zo˩
õ˧ʈʂʰɯ˧bæ˧po˩ɳɯ˩|tʰi˩˥|si˧ʈʂʰɯ˧|dʑɯ˩ʁo˩˥|õ˧bv̩˥õ˩ɬɬɬ|tɕʰɤ˧tɕo˩po˩ɳɯ˩|le˧kɤ˩|,o[UNK]˧ʈʂ[UNK]ɯ˧bæ˧po˩ɳɯ˩ t[UNK]i˩˥ si˧ʈʂ[UNK]ɯ˧ dʑɯ˩ʁo˩˥ o[UNK]˧bv[UNK]˥o[UNK]˩ tɕ[UNK]ɤ˧tɕo˩ po˩ɳɯ˩ le˧kɤ˩
ʁɑ˧ze˧|ʁɑ˧ze˧|ʁɑ˧ze˧|pi˧|ɬo˧pv̩˥ti˩|pi˧|nɑ˩ʈʂʰɯ˧dʑo˩|tʰi˩˥|æ˧ʂæ˧dʑo˩|,ʁɑ˧ze˩ ʁɑze˧ ə˧ze˧ pi˧ɬo˧pv[UNK]˥ti˩ pi˧ nɑ˩ʈʂ[UNK]ɯ˥dʑo˩ t[UNK]i˩˥ æ˧ʂæ˧dʑo˩
ə˧mi˧|ə˧mi˧ɻæ˩|no˧bv̩˩|ʈʂʰɯ˧ɭɯ˧|wɤ˩˥|ʈʂʰɯ˧bv̩˧|ʈʂʰɯ˧ɭɯ˩ni˩|mɤ˧dʑɤ˩|ə˩gi˩|pi˧|,ə˧mi˧ ə˧mi˧ɻæ˩ no˧bv[UNK]˩ ʈʂ[UNK]ɯ˩˩ wɤ˩˥ ʈʂ[UNK]ɯ˧bv[UNK]˩ʈʂ[UNK]ɯ˩ɭ˩ni˩h˩ mɤ˧dʑo˩ ə˩gi˩ pi˧
tʰi˩˥|õ˧˥|ɑ˩ʁo˧ɳɯ˧|kʰv̩˧ʈʂʰɯ˧dʑo˧˥|pi˧dʑo˩|zo˩no˥|ɑ˩ʁo˧ɳɯ˧|ki˩˥ɑ˩ʁo˧hĩ˧ɳɯ˩|ki˩˥|ɑ˩ʁo˧ɳɯ˧|mɤ˧dʑo˩|pi˧dʑo˩|hĩ˧ʁɑ˧ʂe˥kv̩˩ze˩mæ˩|ʈʂʰɯ˧bv̩˧kʰv̩˧˥|ho˧ho˥hĩ˩|ɖɯ˧v̩˧ʁɑ˧ʂe˩|po˧jo˥|,t[UNK]i˩˥ o[UNK]˧˥ ɑ˩ʁo˧ɳɯ˧ k[UNK]v[UNK]˧ʈʂ[UNK]ɯ˧ dʑo˩˥ pi˧dʑo˩ zo˩no˥ ɑ˩ʁo˧ɳɯ˧ hi˩ ɑ˩ʁo˧hi[UNK]˧ɳɯ˩ki˩ ɑ˩ʁo˧ɳɯ˩ mɤ˧dʑo˩ pi˧dʑo˩ hi[UNK]˧ʁɑ˧ʂe˥kv[UNK]˩ze˩mæ˩ ʈʂ[UNK]ɯ˧bv[UNK]˧ k[UNK]v[UNK]˧˥ ho˧ho˥hi[UNK]˩ ɖɯ˧v[UNK]˧ʁɑ˧ʂe˧po˧jo˥
tʰi˩˥|mv̩˩zɯ˩ʈʂʰɯ˥|mv̩˩zɯ˩ʈʂʰɯ˥|ʈʰææ̃˧mɤ˧ki˧ɲi˥tsɯ˩|mv̩˩|mv̩˧ʁo˧ɻ̍˧ʈʂʰɯ˥|,t[UNK]i˩˥ mv[UNK]˩zɯ˩ʈʂ[UNK]ɯ˥ mv[UNK]˩zɯ˩ʈʂ[UNK]ɯ˥ ʈ[UNK]æ˧ mɤ˧ki˧ɲi˥tsɯ˩ mv[UNK]˩ mv[UNK]˧ʁo˧ʈʂ[UNK]ɯ˥
tʰi˩˥|no˧|le˧po˧po˥bi˩|si˧dzi˩ʈʰæ˩qo˩|nv̩˧kv̩˩mæ˩|,t[UNK]i˩˥ no˧ le˧po˧po˥bi˩ si˧dzi˩ʈ[UNK]æ˩qo˥ nv[UNK]˩ʝi˩kv[UNK]˩mæ˩
ə˧ʝi˧ʂɯ˥ʝi˩dʑo˩|li˩læ˩˥|dʑo˩|lo˧gv̩˩pi˩kv̩˩mæ˩|ə˩gi˩|,ə˧ʝi˧ʂɯ˥ʝi˩dʑo˩ li˩læ˩ɻ˥dʑo˩ lo˧gv[UNK]˩pi˩kv[UNK]˩mæ˩ ə˩gi˩
ə˧tso˧mɤ˧ɲi˩|hĩ˧ɖɯ˧v̩˧hĩ˧ʈʂʰɯ˥dʑo˩|dʑɤ˩hĩ˧ʝi˧zo˩kv̩˩|pi˧zo˩|ə˧tso˧mɤ˧ɲi˩|ə˧si˧ɳɯ˧|ʈʂʰɯ˧ne˧ʝi˥|ʐwɤ˩kv̩˩˥|mæ˩|,ə˧tso˧mɤ˧ɲi˩ hi[UNK]˧ ɖɯ˧v[UNK]˧hi[UNK]˧ʈʂ[UNK]ɯ˧dʑo˩ dʑɤ˩hi[UNK]˥ʝi˧zo˧kv[UNK]˩ pi˧zo˩ ə˧tso˧mɤ˧ɲi˩ ə˧si˧ɳɯ˧ ʈʂ[UNK]ɯ˧ne˧ʝi˥ ʐwɤ˩kv[UNK]˩˥ mv˩
tʰi˩˥|dzɑ˩qʰwɤ˩tʰi˩ki˥kʰɯ˩|,t[UNK]i˩˥ dzɑ˩q[UNK]wɤ˩t[UNK]i˩ki˥k[UNK]ɯ˩
ɖɯ˧pi˧˥|mɤ˧dʑɤ˩|tʰi˩˥|le˧pæ˥|pi˧dʑo˩|tʰi˩˥|ʈʂʰɯ˧|ɖɯ˧ɲi˧kʰv̩˧gv̩˧dʑo˩|tʰi˩˥|le˧pæ˧ɲi˥tsɯ˩|mv̩˩|,ɖɯ˧pi˧˥ mɤ˧dʑɤ˩ t[UNK]i˩˥ le˧pæ˩ pi˧dʑo˩ t[UNK]i˩˥ ʈʂ[UNK]ɯ˧ ɖɯ˧ɲi˧k[UNK]v[UNK]˧gv[UNK]˩dʑo˩ t[UNK]i˩˥ le˧pæ˧ɲi˥tsɯ˩ mv[UNK]˩
mv̩˩zɯ˩hɑ˩ʈʂʰɯ˥|ɖɯ˧pi˧˥|mɤ˧ʂo˩ɲi˩|,mv[UNK]˩zɯ˩hɑ˩ʈʂ[UNK]ɯ˥ ɖɯ˧pi˧˥ mɤ˧ʂo˩ɲi˩
tsʰe˧do˧ɖɯ˧ɲi˥dʑo˩|hĩ˧qʰo˧mɤ˧kv̩˥mæ˩|,ts[UNK]e˧do˧ɖɯ˧ɲi˥ dʑo˩ hi[UNK]˧ q[UNK]o˩mɤ˩kv[UNK]˥mæ˩
mɤ˧dʑo˧|mɤ˧tɕʰɯ˧˥|mɤ˧ʂv̩˧ɖv̩˧lɑ˧|ə˧mɑ˧|tʰi˧dʑo˩|ʂv̩˧ɖv̩˧ze˧jɤ|,mɤ˧dʑo˧ mɤ˧tɕ[UNK]ɯ˧˥ mɤ˧ʂv[UNK]˧ɖv[UNK]˧lɑ˧ə˧mɑ˧ t[UNK]i˧dʑo˩ əʂv[UNK]˧ɖv[UNK]˧ze˧j
hɑ˧|tʰi˧tɕɯ˥kʰi˩|ə˧mɑ˧|no˧hɑ˧dzɯ˥|ə˧mɑ˧|no˧|dʑɯ˧ʈʰɯ˧|pi˧zo˩|ŋv̩˩zo˩kv̩˥mæ˩|,hɑ˧ t[UNK]i˧tɕɯ˥k[UNK]i˩ ə˧mɑ˧ no˧ hɑ˧dzɯ˧ ə˧mɑ˧ no˧ dʑɯ˧ʈ[UNK]ɯ˧ pi˧zo˩ ŋv[UNK]˩zo˩kv[UNK]˥mæ˩
tʰi˩˥|æ˩qʰv̩˧qo˧lo˩hɯ˩dʑo˩|tʰi˩˥|ʈʂʰɯ˧v̩˧|hɯ˧li˧hɯ˧ɲi˥tsɯ˩mv̩˩|,t[UNK]i˩˥ æ˩q[UNK]v[UNK]˧qo˧lɑ˩hɯ˩dʑo˩ t[UNK]i˩˥ t[UNK]v[UNK]˧v[UNK]˧ hɯ˩ li˧hɯ˧ɲi˥tsɯ˩ mv[UNK]˩
tsʰi˧ʝi˧|ɖɯ˧kʰv̩˧hĩ˧bv̩˧|le˧se˩|,ts[UNK]i˧ʝi˧ ɖɯ˧k[UNK]v[UNK]˧hi[UNK]˧bv˧ le˧se˩
tʰi˩˥|le˧qʰwɤ˧dʑo˥|tʰi˩˥|dɑ˧pɤ˧|tʰv̩˧v̩˧ɳɯ˩|no˧ɻ̍˩dʑo˩hĩ˧dʑo˩|le˧qʰwɤ˧ʝi˧ze˧|,t[UNK]i˩˥ le˧q[UNK]wɤ˧dʑo˥ t[UNK]i˩˥ dɑ˧pɤ˧ t[UNK]v[UNK]˧v[UNK]˧ɳɯ˩ no˧ɻ[UNK]˩dʑo˩ hi[UNK]˧dʑo˩ le˧q[UNK]wɤ˧ʝi˧ze˧
ʈæ˧bɤ˧|ɖɯ˧v̩˧ki˧ɳɯ˩|ʈʂʰɯ˧ne˧ʝi˥|ɖɯ˧kʰwɤ˥|,ʈæ˧bɤ˧ ɖɯ˧v[UNK]˧ki˧ɳɯ˩ ʈʂ[UNK]ɯ˧ne˧ʝi˥ ɖɯ˧k[UNK]wɤ˥
wɤ˩˥|ʈʂʰɯ˧ne˧ʝi˥|ɖɯ˧qo˥lv̩˩|tʰi˧tɕɯ˥|,wɤ˩˥ ʈʂ[UNK]ɯ˧ne˧ʝi˥ ɖɯ˧qo˧ɭɯ˧ t[UNK]i˧tɕɯ˥
dʑɯ˧qo˧tʰi˧kʰɯ˧˥|tʰi˩˥|õ˧bv̩˥õ˩|wɤ˩˥|le˧le˧fɑ˩|le˧dze˩|ə˩gi˩|,ʑi˧qo˧ t[UNK]i˧k[UNK]ɯ˧˥ t[UNK]i˩˥ o[UNK]˧bv[UNK]˥ wɤ˩˥ lle˧fæ˩ le˧ʑz˩ ə˩gi˩
əõ˧ʈʂʰɯ˧bæ˧|õ˧ʈʂʰɯ˧ne˧gv̩˧tsɯ˥|mv̩˩,i[UNK]˧ o[UNK]˧ʈt[UNK]v[UNK]˧bæ˧ɲi˥ o[UNK]˧ʈʂ[UNK]ɯ˧ne˧ʝigv[UNK]˧tsɯ˥ mv[UNK]˩
gɯ˩ɳɯ˥|qʰæ˧ɳɯ˧|mɤ˧do˩|ə˧ʝi˧tsʰi˧ʝi˧|ʝi˧se˧|ʝi˧se˧tsɤ˧˥|ə˩gi˩|æ˧ʂæ˧qʰwɤ˧ʈʂʰɯ˥|ʈʂʰɯ˧ne˧ʝi˥|dʑo˧ɲi˥|,gɯ˧ɭq[UNK]æ˧ʑi˩ mɤ˧do˩ ə˧ʝi˧ts[UNK]i˧ʝi˧dʑo˩ w˩˥ ʝi˧ se˧ ʝi˧se˧tsɯ˧jə˩dʑo˩ æ˧ʂæ˧q[UNK]wɤ˧ʈʂ[UNK]ɯ˥ ʈʂ[UNK]ɯ˧ne˧ʝi˥ dʑo˧ɲi˥
õ˧˥|ə˧tso˧ʝi˧tʰɑ˩|le˧ʝi˥tsɯ˩zo˩|njɤ˧|ə˧mɑ˧ɳɯ˧|njɤ˧ʁo˧tʰo˩ɳɯ˩|ʈʂʰɯ˧ne˧ʝi˥|ɖɯ˧kʰwɤ˧ʐwɤ˧zo˥|njɤ˧|ɬi˧qʰv̩˧qo˩|mv̩˧zo˩|,o[UNK]˧˥ ə˧tso˧ʝi˧t[UNK]ɑ˩ le˧ʝi˥tsɯ˩zo˩ njɤ˧ ə˧mɑ˧ɳɯ˧ njɤ˧ʁo˧t[UNK]v[UNK]˩ɳɯ˩ ʈʂ[UNK]ɯ˧ne˧ʝi˥ ɖɯ˧k[UNK]wɤ˧˥ ʐwɤ˧zo˥njɤ˧ ɬi˧q[UNK]v[UNK]˧qo˧mv[UNK]˧zo˩
njɤ˧|ə˧si˧ɳɯ˧|ʈʂʰɯ˧ne˧ʝi˥|ʐwɤ˩kv̩˩˥|mv̩˩,njɤ˧ ə˧si˧ɳɯ˧ ʈʂ[UNK]ɯ˧ne˧ʝi˥ ʐwɤ˩kv[UNK]˩˥ mæ˩
hɑ˧|dʑɤ˩hĩ˥|dzɯ˧tʰɑ˩kv̩˩ze˩|,hɑ˧ dʑɤ˩hi[UNK]˧ dzɯ˧tɑ˩kv[UNK]˩ze˩
tʰi˩˥|hĩ˧ʈʂʰɯ˧|æ˧ʂæ˧dʑo˩|tɕo˧˥ʂɯ˩|kʰv̩˧ʈʂʰɯ˧dʑo˩|zɯ˧ʐzɯ˧zɯ˧ʈʂʰɯ˧|dʑɤ˧˥|ki˧ɲi˥ho˩mæ˩|ə˧pɤ˧ɖɯ˩ɳɯ˩|tʰi˩˥|zo˩no˥|æ˧ʂæ˧ʈʂʰɯ˧|ɲi˩˥|zɯ˧zɯ˧|qʰɑ˩jɤ˩ɖɯ˩pi˥|ɖɯ˧pi˧ɻ̍˥|zo˩no˥|æ˧ʂæ˧ʈʂʰɯ˧|ʂe˧hɯ˧dʑo˥|tʰi˩˥|kʰv̩˩mi˩zɯ˩zɯ˩lɑ˥|ɖʐv̩˧nɑ˥mi˩|pi˧hĩ˧tʰv̩˧ʁo˥|zo˩no˥|zɯ˧zɯ˧ɖɯ˧ɲi˥tsɯ˩|mv̩˩|,t[UNK]i˩˥ hi[UNK]˧ʈʂ[UNK]ɯ˧ æ˧ʂæ˧dʑo˩ tɕo˧ʂɯ˧ k[UNK]v[UNK]˧ʈʂ[UNK]ɯ˧dʑo˩ zɯ˧zɯ˧zɯ˧ʈʂ[UNK]ɯ˧ dʑɤ˩˥ ki˧ɲi˥ho˩mæ˩ ə˩po˧˥ ɖɯ˩ɳɯ˩ t[UNK]i˩˥ zo˩no˥ æ˧ʂæ˧ʈʂ[UNK]ɯ˧ ɲi˩˥ zɯ˧zɯ˥ q[UNK]ɑ˩jɤ˩ɖɯ˩bi˥ zɯpi˧ zo˩no˥ æ˧ʂæ˧ʈʂɯ˧ ʂe˧hɯ˧dʑo˥ t[UNK]i˩˥ k[UNK]v[UNK]˩mi˩zɯ˩zɯ˩lɑ˥ ɖʐv[UNK]˧nɑ˥mi˩ pi˧hi[UNK]˧ʈʂ[UNK]ɯ˧ʁo˥ zo˩no˥ zɯ˧zɯ˧ɖɯ˩ɲi˩tsɯ˩ mv[UNK]˩
ə˧mv̩˧˥|dʑo˩|ə˧ʝi˧ʂɯ˥ʝi˩|dʑɯ˩ʁo˩˥|kʰv̩˧ʂæ˧hɯ˧ɲi˥tsɯ˩|mv̩˩|,ə˧mv[UNK]˥dʑo˩ ə˧ʝi˧ʂɯ˥ʝi˩ dʑɯ˩ʁo˩˥ k[UNK]v[UNK]˧ʂæ˧hɯ˧ɲi˥tsɯ˩ mv[UNK]˩
mi˩zɯ˩ɲi˥hĩ˩pi˩|le˧ʈʂʰæ˧ʈʂʰæ˧|ʁo˧qʰwɤ˩|le˧pv̩˩|,mi˩zɯ˩ɲi˥ pi˧ le˧ʈʂ[UNK]æ˧ʈʂ[UNK]æ˧ o˧q[UNK]wɤ˧ le˧pv[UNK]˩
ʂɯ˧kv̩˧hĩ˧ʈʂʰɯ˥dʑo˩|ɖɯ˧zo˧kv̩˧tsɯ˥|mv̩˩|ɲi˧tsi˧kv̩˧˥|mɤ˧lv̩˩bi˩|no˧|ʂɯ˧kv̩˧hĩ˧ʈʂʰɯ˥dʑo˩|qʰɑ˩ne˩˥|bi˧|ɖɯ˧zo˧kv̩˧˥|,ʂɯ˧kv[UNK]˧hi[UNK]˧ ʈʂ[UNK]ɯ˧dʑo˩ ɖɯ˧zo˧kv[UNK]˧tsɯ˥ mv[UNK]˩ ɲi˧ts[UNK]i˧kv[UNK]˧ mɤ˩lv[UNK]˩bi˩ no˧ ʂɯ˧kv[UNK]˧hi[UNK]˧ʈ[UNK]v[UNK]˧dʑo˩ q[UNK]ɑ˩ne˩˥ bi˩ ɖɯ˧zo˧kv[UNK]˧˥
le˧ŋv̩˩|le˧ŋv̩˩dʑo˩|tʰi˩˥|le˧ŋv̩˩se˩dʑo˩|mv̩˩zo˩˥|tʰi˧ʑi˧ze˥pi˩tsɯ˩|mv̩˩,le˧gv[UNK]˩ le˧ŋv[UNK]˩dʑo˩ t[UNK]i˩˥ le˧ŋv[UNK]˩se˩dʑo˩ mv[UNK]˩zo˥ t[UNK]i˧ʑi˧ze˥ pi˩tsɯ˩ mv[UNK]˩
dʑɯ˩nɑ˩mi˩ʁo˩˥|dʑo˩|ʑi˧qʰwɤ˧|mɤ˧di˩ɲi˩mæ˩|,dʑɯ˩nɑ˩mi˩ʁo˩˥dʑo˩ ʑi˧q[UNK]wɤ˧mɤ˧di˩ɲi˩mæ˩
gɤ˧lɑ˧ki˧|ki˧mɤ˧bi˧|gɤ˧lɑ˧ɳɯ˧|mɤ˧ki˧ɲi˥|pi˧zo˩|,gɤ˧lɑ˧ki˧ ki˧mɤ˧bi˧ gɤ˧lɑ˧ɳɯ˧ mɤ˧ki˧ɲi˥pi˩zo˩
lɑ˧mæ˧qv̩˩ʈʂʰɯ˩ɳɯ˩|põpõpi˧|le˧ɖwæ˧˥|dʑo˩|tʰi˩˥|si˧dzi˩tʰv̩˩|tsi˩qwæ˩tsi˧qwæ˧pi˧|qʰæ˧qʰæ˧tsɯ˧˥|mv̩˩|,lɑ˧mæ˧qo˩ʈʂ[UNK]ɯ˩ɳɯ˩ po˧po˩pi˩ lɑ˧ ɖwæ˧˥ dʑo˩ t[UNK]i˩˥ si˧dzi˩t[UNK]ɯ˩ dzɯ˩qwɤ˩wæ˧˥tsi˧qwæ˩pv[UNK]˩q[UNK]æ˩q[UNK]æ˩tsɯ˥ mv[UNK]˩
zo˩no˧dʑ|æ˧ʂæ˧|tsʰi˧si˩dʑɤ˩pv̩˩ɳɯ˩|le˧ti˧ɲi˥|ə˧pɤ˧ɖɯ˩ɳɯ˩|le˧ti˧ɲi˥|pi˧zo˩|ʈʂʰɯ˧ne˧ʝi˥|pi˧kv̩˩tsɯ˩|mv̩˩,zo˩no˥ ətʂæ˧ʂæ˧ts[UNK]i˧sɯ˩dʑo˩ pv[UNK]˧ɳɯ˩ le˧ti˧˥ ɲi˥ ə˩pɤ˧ɖɯ˩ɳɯ˩ le˧to˧ɲi˥pi˩zo˩ ʈʂ[UNK]ɯ˧ne˧ʝi˥ pi˧kv[UNK]˩tsɯ˩ mv[UNK]˩
õ˧bv̩˥õ˩|əəə…ɑ˩ʁo˧ʂɯ˧bi˧|wɤ˩˥|ʑi˧mi˧dʑɤ˩|pi˧dʑo˩|hĩ˧mo˥hĩ˩|le˧ʂɯ˧dʑo˥|nv̩˩mi˩qo˥|fv̩˩kv̩˩pi˥mæ˩|ə˧ʝi˧ʂɯ˥ʝi˩|qwæ˧ʁo˧tɕɯ˧|,o[UNK]˧bv[UNK]˥o[UNK]˩ ə[UNK] ɑ˩ʁo˧ ʂɯ˧bi˧ wɤ˩˥ ʑi˧mi˧dʑɤ˩ pi˧dʑo˩ hi[UNK]˧mo˥hi[UNK]˩ le˧ʂɯ˧dʑo˩ nv[UNK]˩mi˩qo˥ fv[UNK]˧kv[UNK]˧pi˥hi[UNK]˩mæ˩ ə˧ʝi˧ʂɯ˥ʝi˩ qwæ˧ʁo˧tɕɯ˧
tʰi˩˥|gi˩˥|gi˩˥|dʑo˩|ʈʂʰɯ˧dʑo˧|ə˧ʝi˧ʂɯ˥ʝi˩|hɤ˩˥|le˧ʐwæ˩zo˩|tʰi˩˥|hĩ˧ki˧|ɖɯ˧hɤ˧|dzɑ˧hĩ˧bi˥|tʰɑ˧li˧|,t[UNK]i˩˥ gi˩˥ gi˩˥ dʑo˩ ʈʂ[UNK]ɯ˧dʑo˧ ə˧ʝi˧ʂɯ˥ʝi˩ hɤ˧ le˧ʐwæ˩zo˩ t[UNK]i˩˥ hi[UNK]˧ki˧ ɖɯ˧hɯ˧ dzɑ˧hi[UNK]˧bi˥ t[UNK]ɑ˧li˧
əəə…mɤ˩mv̩˩ʈʂv̩˥ʂe˩pʰæ˩pi˩|ə˧ʝi˧ʂɯ˥ʝi˩|ʂe˧pʰæ˩hæ̃˩kv̩˩mæ˩|mɤ˩mv̩˩ʈʂv̩˥ʂe˩pʰæ˩pi˩|,əə[UNK]mɤ˩mv[UNK]˩ʈʂv[UNK]˧ʂe˩p[UNK]æ˩pi˩ ə˧ʝi˧ʂɯ˥ʝi˩ ʂe˧p[UNK]æ˩hæ[UNK]˩kv[UNK]˩mæ˩ mɤ˩mv[UNK]˩ʈʂv[UNK]˥ʂe˩p[UNK]æ˩pi˩
wɤ˩˥|ʈʂʰɯ˧ʑi˧ɻ̍˧ɳɯ˥|ŋv̩˧|tʰi˧ki˧kv̩˥mæ˩|,wɤ˩˥ ʈʂ[UNK]ɯ˧ʑi˧ɻ[UNK]˧ɳɯ˥ ŋv[UNK]˧ t[UNK]i˧ki˧kv[UNK]˧˥ mæ˩
